Restaurant #,PunchhKey
8885,eebe2a64301eaa9ca85db80e2f882472
8886,eebe2a64301eaa9ca85db80e2f882472
8887,3d1e8eba01dde9735f141672e5227c10
8888,3d1e8eba01dde9735f141672e5227c10
1100001,925322e612c6d06f408925a090eab39d
1100003,4470c84cef8004bfccff8731346dcc81
1100004,bb13665abafcd447a3117dc00d4aa0e5
1100005,c69c730d97765ca17727c354ead869ed
1100006,728f51bc03e706ea3c5a0a59adc8e439
1100007,83b1537e1e0d1dcd3117090bb1c03355
1100008,e067716af76bf0099f44036afb454153
1100009,6b28843e2a26b007c7db1a7b8a957cd5
1100011,8f669882e2321bb688095ffb83d7dc83
1100012,f6e02f12bc1f16bcc80bb3fd93c07f1b
1100013,12948b4c98b5ed53a530dd23ab7d5092
1100014,8533cb0e9a253062dceaaa61408ba4eb
1100016,fe6014e285b143a683ead04e070e9bc9
1100017,428c43c4421e80d1c741fb61440db560
1100018,5d35ff0220f3f07ac16eb47f378707c1
1100020,1025db53a9ad38ef18f465a64ac69daf
1100021,886d92129fde0b4a9f073e08ff9e1865
1100025,552ce655919647bffb32b5874327c3ed
1100026,824386bb7d60240a6e84ea18ffd813db
1100027,d02cbf58b5f484aa36ef8b70beff12a8
1100029,664c996328073a6fac84fd797f66430c
1100030,171dc277dd70bb033c4dd5a2364cfb81
1100038,46b526d31c69c50a86c72dfa433bce7b
1100042,827f0b6418f4a50677ce707b2a5467f5
1100043,950b3460ba8b86d3e6237cef382de6b2
1100048,9bb4c1b0cf2ea834300c24c3284b2eb0
1100049,e0902e866ce103a70acf55a486211425
1100051,da781570ae16ca673c080947596c35bd
1100054,54c82d6088e75b0224422bbd599001a4
1100055,4722c38c10898501078f98995f94d1f7
1100057,036d3813db331d73d321d377f3cb28bb
1100058,d934a7e4971f629f7f1d5257390bfc3e
1100059,52cc2add56da8b112d3711de08e1b434
1100061,581af97e9f187d1653b6b9efb111da10
1100062,fa9e196da9fe8b8b0eec9b1a8534ef5a
1100064,eef4a2fadd0fb5adfcb62bfae80a3778
1100066,5e6c2ac821b5e010b923f9f1c65a0127
1100070,3a56c8453482f74e8f35a17f3e6eb729
1100072,2ece39a94069efa9e9bb7b00dd302d6c
1100075,21541876cf2dfa01b12521e342964187
1100076,b58c770737c49a756b82e7c7ef44b509
1100077,edba7334b855f86294cbee7d20c31a6e
1100079,15c7a6167789fdc7f97786c7c6310326
1100080,f83e70ec2a9183db70846d34ae870609
1100083,954e2d4d129e1e76d568a9e4c1a49828
1100085,43d23e156be5f5d6eb4e9162489450e6
1100086,f3fa3bb17cfc8dbab529a1204f4f7ba7
1100087,4c625a01954e481c3d9a77848bbb59ec
1100089,c9f571ac46c3ece248cf36fa038fdd91
1100090,1549e1f80728a99176dfaadc4e4a67a1
1100091,94b095f23d5be889a0dd234748319a02
1100092,883830de230c36cfed7a150eb2f32810
1100093,fab3a52c8f3c268046f79f02ad5f0772
1100095,a850db6644aa1f4119d773ede709bc52
1100097,1fe0c7540f72f2af8e33e594f4afc99a
1100102,b542271f342961047415cbc548812380
1100104,83388c1cb9646ad4d591bb162e519b2a
1100108,04830003ada22f8894921f184c176ef7
1100109,0176fabc6bf4566d00e1d07cfe0979d9
1100111,7b5510d78a93f66ea069a784162e6ced
1100112,5662d35c58dcc9d0d004e99f9add4480
1100114,88c8e455992dcde48fef700678f35c07
1100115,b4da7889c621dd73e4a6654a2e68f854
1100116,93e4f1de5afcccdb0c144f7c89eab7b5
1100117,f007983b5b203d8dbb9aecb15bfd7cb3
1100118,5c3acd6c64b9e4ea3472bad83d3022b0
1100119,17c7ccc923c0b6a0ef6da272a8c50770
1100120,6e8834317c1ce0a7caf7545361fc0ec0
1100122,59af5a1e0c279401a0793e1d38eca7f9
1100123,268e7cf30a3bd31394e5ffa4c5a3f44e
1100125,69748c28b4a1a35ec7b860af0eb01a42
1100126,b7e715c5fff2a22576f77e19fbbf5326
1100127,a72557621b06b6896800682a939ec20b
1100128,b6a6ae4eacc148885cfcdf5cc83d9ddf
1100131,bdbfd32f6ac86cade183b2e1f29639c3
1100133,bfd8ca825dc4c5604349a3d18c0b53b8
1100134,c4bee0361c18ec94c8337b340a13eab6
1100135,8380496c9d3d71775ffb8f486403899d
1100137,23ac815c1cebda5eac964493eca6a762
1100140,c4361c4aa0835a58de217721c1d8eb0d
1100141,e91d1fa75b697bdd285e52ed9c25a7d6
1100142,7dad010a8322b36b3cc8c2587df359f3
1100143,73ffd55614b1665a335ae246f148e9e3
1100144,5b0f6279a7f92ba89d623f69a0170477
1100145,8438b8c3e448c714ec72ea4d78fea9cc
1100146,f1fe7c70f6c17694cad3a41431db310b
1100147,0d990e0c392fa021d671350586657540
1100150,a490975815081e51c9738bdffbef752e
1100151,c6c6973fadec1ade11492c1df6e6efb6
1100152,c93aa8096c4496f50a7cc2a0abed2280
1100153,12942e6c06e10930649171ee682a020d
1100154,1d9a5acc741142df976a8e6f376a60e8
1100157,67ea583a9e9913786ecedb285696efc4
1100158,97489ff8edada6b23e4864854de817ea
1100159,079b7cd20be9833aeb03a839efcd986f
1100162,a2f743eca619e77f286af41e92648458
1100163,7d46b2ac1b7d321f57d536d9d0d15e3f
1100168,8365a8885cc8bf0d30e4d7d4d1fc89aa
1100170,d4c7e4bbceee3c45217465c5715adb4e
1100171,21c7196b5ca7856a903f6c3c34927579
1100172,ea6d8ba45d056c7e1b50f9f79d91eb46
1100174,9cbe665e4cab535fa66c371866489b2e
1100175,60b00b61a10ba28d5b3672555094e391
1100176,b0b3e5d72578ce63b2b0f91c5573dfbd
1100178,2fc82e79a431d15239ccd6a7884b54fb
1100180,d487735e13538f2d592488ecb63838d7
1100181,1d544117f6d71fd255de4607859fca4a
1100182,2c663d77f6a75331b866c516d5180b95
1100183,0366e093d6d215a4a99762a27506307e
1100184,00cc7cb2a30c1d4aff710e23b8d65a97
1100187,64b8e50c79b4214bbba5955165a5aaa6
1100188,32fc37d0f166e72a1993e43f319c353b
1100189,062836c349fff28c45a1698af7f06e1a
1100190,888c6567edd85dad8b3bf75885a6632f
1100192,0c2512b5c1d174380a4aab945a5a2e52
1100194,98cda6d896ee2554e047e6340d7e743f
1100195,7075f7bb4b52cb202a411cc051dec8a8
1100196,3f5610b68b015aa000db3c34911f6ec6
1100197,c536fd304d65b4630987fd12e2d24aec
1100199,d8bd6afaa5d58f92cfea12b6ba392576
1100201,a581faaeef370cd472d6384f78cee78c
1100202,5da21572471089505728ac3b01f454ea
1100203,b242af3dc7312320b4f715d441c95bc5
1100205,71c2a9d37eecbe3030effa5b1549bb0c
1100206,26b6457f0f97089761b8bd692fb69f92
1100207,f08867e2cb01b20553a4ad7b73a80041
1100208,b4fbff771aeae03b7aaa08b3cb1cdfcb
1100209,bb9937f822e7b9490f9dff8b61ccb786
1100210,f88dfdfde87c3ef5e6fd35b7bdc30fcc
1100211,5b7734e127879f327ff229361d9da618
1100212,bd5414e454fb0b212d8b1844c7b88e4b
1100213,5f163d41bc2fa907f1c579b858a84a21
1100214,5532434d0155f7b7ba8c79fa147abac6
1100215,1d1cb944c75c53254ad93de7e33cdff2
1100216,8ca8960abbfbe9267907630c7aa2b5e7
1100217,7a714da7e6b2f2f03b42f03261ea2efe
1100218,cec0ee1b2e1e6ce51e6dfbd2ba2a899e
1100219,b69a90026ebc71bc0dd96066f391a55f
1100220,c972bc64a8fb81a89dce5ba0dff0ff4a
1100221,ad200c4b5cbf22db236c28dca8cf558f
1100222,2c42350a594e2406ec60659478b093bf
1100223,7139f1b71ea5be97196c41f8ac15002f
1100224,8fbe45a71a6d5bbbfa65138ae50efb91
1100225,e6d972e8f0c90dbec15a69ad505771c7
1100228,373d70efdff2678c5f7546aa19c31675
1100229,31ffd0bad8571923e4657514ccabd43a
1100230,e4adac0910254f656166993f80397895
1100231,f3a043b760e9269e84378f0af2267e56
1100233,d5f8067f03198ebe2b661d653c16d130
1100238,5dff019f537a56c516331ba7b2ceafbb
1100239,8de0da791c9943001108b840567543a8
1100241,c9631ef4610eafd613d39561453564f1
1100242,0fb28da2f571877887f87656b6e8fcd7
1100243,4d5fe8efed657551678ce6516132196d
1100245,a83e102b26bb5be3a6b755b764f20cbc
1100247,f00c10543765f176e06493fe82be5ee7
1100248,63d35a671dce9fab6ad7bf285d8b790d
1100249,28f5911f68c1f7a304ba79838475dd5e
1100250,9792850426a043491ca9bd1fe45e983f
1100252,3bf690d6d4f848bf610b6ed205b89a09
1100253,66945eacb4e5b66e081f2e187d3d72f1
1100254,84c7f4c9a26ce06a73debefbad66cbee
1100255,66a6870b1cfefa4e1808f0593146eb59
1100256,d9118fd64298af2015cc78a438adc0d4
1100257,a274027127c46c7ae6ba26e3b3787f04
1100258,2b2cf6c89b5799da97c2c63293d26e8f
1100259,fcc464dd0eefedf9c7f034bfcbf3d71e
1100261,78aafbf1c5920cda5f997af90297608a
1100262,d76d51dbea56bf68bef3325dc517fd8a
1100263,331234a12b4b9596e4692b22c014b217
1100264,336492fee718bd4fe178455bcf03682a
1100265,a694bffe5edf9b41451580197b4421b9
1100266,a7848340796d9b321deba40957dfd1ed
1100267,9bd2d70a484ee29d54808f0ba1492bcc
1100268,5cd71c9b7c1cdff7f1e08e5a2038742c
1100270,7aa2d11dd852bfa8c05b6604a5080b5d
1100271,29c593218367a6f3bb4f3492e0423c21
1100272,acbe480d5f9c4d5e6a2edb81be401109
1100273,4a47958fe165eb61cf52d2559fcf3035
1100274,611b57727510a2a3ea21d1b38403dcda
1100276,891bd948abf90564b0b51ea45a0cffb7
1100279,ce39845217e7814a0aa4d83427c6af6c
1100280,2a61a2f9a0f1a5efed0ddff8de00037b
1100281,4a577e2c1f79e478e324d34baacb71ed
1100284,1e339b9affd447a13e2ea627e4056bbe
1100285,094757ca355fef2f2bea0498f1ef972f
1100286,e2d8a52dca735237b32053eb8a8d59f8
1100288,0f30d972b9b28d60b077fca526b8f6ef
1100289,ad0f1c0479fd4f4a392bc7662d670dfc
1100290,3d88f79c6250f81f2c0ebb9dee373e5b
1100291,df6c8f28840244cf114a573453d434b0
1100292,5f10a66c675fe54fc1e8b503d7afdacb
1100295,9d80595cfbcf6aba27652b2cddc3bd38
1100296,31c957b9613410ed2d98dcb866fe2ef4
1100297,b9e03892be64d1f82e3039f604c723b3
1100298,501a792c0a5b6a78bcb78d76a43957af
1100301,63bc328d8c808ab77d58dc0060d973e1
1100302,761a2c2a3bb7df471f90c8dc0f067b1f
1100303,b367bc250cdda863a3a0884ee4b64753
1100304,a7e4f45f65c49105b68cf9ad471529f1
1100306,aecb47b3c01ad0e6a5597ff043a92406
1100307,131330ece97d30d107f87fd3500a83c3
1100308,fd91a5dc0efd587cb0a7338348a7f5aa
1100311,d5908f55fc69512d65d54398f9517fa8
1100312,8b2163c20c032f6090a8e31d8d5c0b70
1100314,dcb9a5d0f2d33f82a71b235ba99f20d8
1100315,3f60d3c825a233f723954e65103577ab
1100316,2ffb2749a9a8a2e8bd53896a87ee32fb
1100319,88c113d4bf103ed9cd97bdb9ae74fe5e
1100320,54718fb973617013d8e00d4f77789334
1100321,467b878319e48acccec170462c6bc7d5
1100322,ba442f15539975ee236d7a8b47d721ec
1100323,cde9cbf4354793a04f9406b38dbfabad
1100325,daa79aca218d09d17812ac2bb466231f
1100326,caff69b7b2c391b95da5a3e7441b1ce3
1100327,fdb2fa76a1ec7011144772c4909d6a69
1100329,ffe66bdb95198a69a0cab8e056dae257
1100330,fea4e95113a05d302c49011e744f5961
1100331,cfe5cad8fb74407e2634fa38eed39f43
1100332,0c0369e8b5a98c0d82d2138e2e0b4c90
1100333,0b50ac59c1cb59a6a10635601746d287
1100335,8a8ee48e3512846af1118cf83fd343f7
1100336,4fef137630f2ee94ab05c26c68cd5420
1100337,afbb9f5248ec9d631dc870a716c86c35
1100339,d00b7532280a65fb746eb59c75b0c769
1100340,348bdb8953d9198a57a40755455c8450
1100342,7d44fc96d0e406c34a18042c2448befc
1100345,be7ef43836ec7bd2f2cf608830e4295c
1100346,96f85fd7ee3fd0d59accddd0dd142545
1100347,1b2e191a284ddc99b4ebfb65a8004898
1100350,2ac1fe01e9e3d1eca609dbda6b0048a3
1100351,28d4bbecf7cdcfb47c301e2b611f819b
1100352,13c73cef9ff23b93be6a1a24e0e466fd
1100353,ad92be1925a4900fafe47e1eab2ee667
1100355,c48012256ad320a4412654e17dae70f3
1100357,8f37ed2142d45fee800c02432f80b382
1100358,f7fa09b6b92a2335003dcede1401f0f1
1100359,3f6ed99c96c36a78b2a77ddeeee57275
1100360,34c25ed755ffbab4e1f0c37be78cfa29
1100364,30429b9d7ee2aba384b4fca466328ebc
1100367,3e0cfe85d34d3534738f1239e86bf377
1100368,0d4cd23b842f9654786850d4cac71318
1100369,ac86db169fd437b1d933ebf1d8d1064b
1100370,6edcd4cfcb154a389a1e26b3044525db
1100371,01e7a0c5eed9482210be29511566f947
1100372,b1ce4927198bd7d4617b359cfd789ed4
1100374,9e63600ee79afe6f17ab09fc53d42994
1100375,41a3aae50fc43905558307d8eb1d1384
1100379,fefb7fcbb8f3f6a5bba99546a82f72f2
1100380,6e032688ee7c82d17b4eb926f2b05033
1100385,5f42bd3bba9c44885fc8722a0f3212db
1100386,f2560b9a1475b28fcbffe3da2efd9db2
1100387,0b98dad08f1e425cb99011fa736e8ff8
1100392,b825c1d8af73198506b0f82239795e0b
1100394,2432f74abcb3c72a104ae11d4d178910
1100395,b2b4b6875c94a9664d96b6c9f41e21ba
1100399,8711512e690dfd7cc623bb4ea39999c5
1100405,c3a71c7c35a1d941ab9847799e5d8187
1100406,66b0970ddc88507392750e6ecfb8cc17
1100407,83575c9cc0c4e7189ed1f39ab50834aa
1100408,53e3124d08e9cc620781976d2e400cf7
1100409,0f8431c9e96d619b7c917950b6ea0b38
1100410,22a206b88892879f0f1a8846a5839946
1100411,08ccc58a1a8abc7296f0bd2d415d137f
1100414,bc3fb6ebec222ac99ebc62e893393cff
1100416,944d431efbe5e6134d15dfbb7ae1de9c
1100417,2a03eb29ab309d9180d913a4311883a0
1100418,5be4d7505af6739a9ae908cff960a2df
1100419,e04db0279b5883cd6b40c377f567c579
1100420,cce8dc4b9fd0960513d3164a1ebf0d04
1100421,a90f10a4f3907a8aeef49b52c91c092e
1100422,29c8c74549c8daba3545594118f9ad97
1100423,e7beeed9e038a1276eb09d4f3051073d
1100424,d5df0cdaceea3e3574acf4accd911187
1100427,2aa091cf64cfc2d381716e6b0bc97a2c
1100431,17ceebd3d544620c7202cbec5be0a5bf
1100432,35d1074f6ab9b4e6572248c3284e48bd
1100437,a26286f1fc5ab7d99cf9aecccd8ca6a5
1100438,df8f11d8e330109a6b1b0f2ac72e9b37
1100439,2a6eba6d458f43da9d17a3c5ebe64e51
1100440,9a4413f9916ed84ea8beb19e8de69cc9
1100445,7daedc8a8a367aacc6981dfa3b1e334e
1100446,35758253730978229a944be5d048e2e8
1100453,5416d626a91f1d6e643254574fa47e34
1100454,8e57d972f1a3624586411e5206f0f0fe
1100458,0fc5b55ec0758c915fe9cf7e119df8e3
1100461,6731259a12518595cc4356f6cca141b6
1100463,6865bc9eb94b1a1ae2b34954018b60b9
1100465,acc8695b3b05d0eaf6d485e00c618fa2
1100467,1411438c411256519623fd324e8d2bc4
1100471,7ce4f2adb356d23cd5983429a8ca10a5
1100472,6702b3299305577ffff981856b8e1818
1100473,c67b5e473b8f0a6d946316f3ff922ad0
1100475,eee89b97996096ecb19e9ada4dd909f0
1100479,d79ee0285ce8590c6662593198d53a01
1100480,2400566257e8960a2680fcebc136cbf7
1100483,f13e4101b6c322d22b1532be8fedd102
1100484,a7812104ad160e6bacbe9b51aa69f2bb
1100488,1c521481701183417e0c02104796e87d
1100490,4191340f0b16ca4a826a052f635aa719
1100491,1b94a6edc366959c5499ca395347653c
1100493,65de7ae776050150cae62a842e8c88ac
1100494,9e20e9ea6f090c01a214bb392a56bc20
1100495,10ccdef49520475bc13f9ca661b2e6e1
1100498,5ccb163884d0b0c21228d7a1d82afbc1
1100501,b4710bc5f5af0670b43e63d3425a2475
1100508,38aa5266aa7f3b99e7266b2e676f78f6
1100509,3bf8d2e12597714a056cba378fdc752d
1100510,8711512ec66d92c36cc14ced1400dc30
1100511,7a83c76c9e3489ce87e79e2125ebefe2
1100512,e801aaf57ada3921e928a48200adb8ec
1100516,d7eb7c3aad9dc8a240e13d042514fe72
1100517,794f03c985a21d02c4a9e17c4bd57bd0
1100518,3e52b0d86aa48220dd3cbd8ba617cd10
1100520,e58c5d9fb1afd1cac6ad0cc9d3ef5d7d
1100521,02aeb76a0bc85d1a15cb9082d93e80b0
1100522,53d01fadf31200ab691b9dba47dc87bc
1100524,c401d933a03342e310047ea9b3f3c421
1100526,3765089bd8b5ee5820989d235a419700
1100527,fcbac8e22a2ee80667c5b2376a499f97
1100528,9e2c2b5e75e346b9d2ada451eda9f3b3
1100530,cbfaae5674579ef5aa20413aa159c289
1100531,b531461dcc5671e5c269f47e3a859a5e
1100532,257b777d9d6dca9e8fec87e6b90103a7
1100534,b417b934775e8baa3ca49fd93cec26c8
1100536,26e5b789bd20a5a32a213edcbcf03dd5
1100543,a7087aee6a40dd75894df1013bab8d68
1100544,65545e516e2364c3438a29c8bf60b809
1100545,cefccb7b819550896b9360a9c70cb382
1100546,4201c9aa47329b4ce5c67b7d3609c01f
1100548,a0c3755fa7091fd6839b257223363a48
1100551,3c6f8960310af0cd81671acd35e52486
1100552,c0ed1f5cb3924dd920a77c9e8b017b99
1100553,69d74e53fd845b0a4f635e1a1518fe67
1100557,23d85497cdf37e1d64cb05d3a1ac96b7
1100558,dfa3627805a922cd3285e374f7a5311a
1100561,af2d1b89d13ca316eecda45f7fcba0cb
1100562,d9a4b6f403bb47732af283b86b364546
1100563,4eea0251ca55f436ca031ee3ac5b9eb9
1100564,5177443a35c1a72e407966ff44776cb7
1100567,221b06f94ec6e684133509e5b2b4fcad
1100569,811c7dc86960650b8ea47e18aa450966
1100573,21a41e1abb04096e373a7a3d136919d9
1100575,b4e72bdc33b01af97a393f1d2d149a67
1100576,d18042172691175751481bd537ff2596
1100577,f31cafdebb1f39eff19242f606fbdfee
1100578,9cea4b5fee9b3fe8627daf89dbeb90d6
1100580,d991ab6d6e14ce693a68976fb8433414
1100582,c909297fce44787a4482ab39b82e5e75
1100583,15884bbbdf5463f4b5451c671818ae0f
1100584,d6e84589c21ac44ca84b8e6a2f5ad605
1100585,44193d528a33408829d2466151583a5b
1100586,e4fd9c3aecfff86dbf516b7e3476bc14
1100588,a025a934ffb25f7c50a0a8ea102e9e85
1100589,df8e273ad324f31ecc9c6e58721b9dbe
1100597,464e1d07ea598bb78810b779c23c8020
1100598,acd94bcf8f2443e8e6a7ad8cd5ec2c9b
1100601,fcd0402a910d2975839cc0a1a5df1b78
1100602,c5aa458e9bbf44d6d3f97b1c7409c414
1100603,deb8f4847372479ca7077991db8ce398
1100604,646bf7f76ddcd3c38bd136ee619f3f8d
1100605,51b0906c866e275d07b596bd4270be98
1100607,6c020f939270631012093ab96db214b6
1100608,6f4e216d90678fa4427ade7a81de5833
1100609,a4992ae3513c455230ead0dc71dcfcf7
1100611,b6e394be85d0ebab9e44ad85549a8e02
1100612,47a631115bd42cdeabcdf5aabaf3ba8e
1100613,657bab8988f2b5851d9d1a5e901774d6
1100614,a6dd2ee580ca2ee0e653bb04383bef13
1100615,5bb6ff02ae2a141961a0aca6fe863476
1100616,1d7deaa788996308436fc16c0c59a7c7
1100619,1d405824ac3a7718e0c26f6f61b2973a
1100621,01bf2de9d365427c3e42806468c7863e
1100622,c14cf035ed970349c9326b1e80b4522c
1100623,14177669832de379bf4bdda582d393e2
1100624,377aef1d4e612c0f08ee8489be852607
1100627,67a3e76ebd8cc8d3ed3691b61cab63db
1100628,3a48a8f67b2bb0f2031f956aa0d2c708
1100629,925bb57a60eb064db348b0142ac4c051
1100631,ebb7138a5d8dee11056fe52c6a873056
1100632,ff45db347954a4ce2c68179066a95c33
1100633,00d1bc77156f8b8bfe58109dc472b200
1100634,7d6ba920c7c27bea730206c41ef93b6b
1100635,a143164991c9d9211fa1135693fc5bb7
1100637,cbbf9ceb6396e585e5c69952b28fc1a2
1100640,fefc52a2bea49abd00fcad25d93b8f9b
1100641,5e3c4395cfa89d4aa94c7ea6957222b4
1100644,280da317bb9b3dfc3df4dce3dd03b2a3
1100645,d814d8d647f61691b6c6c53e6fcf716f
1100646,2329b5e952bc12222839196472f0601e
1100648,2db856ad6ca8bcee2030a41c717e684b
1100649,991aa8c97990e05a262c573aee2fe3da
1100650,6f524954496196c342d262ecced726cc
1100651,453daf389e80bb32940c0d60b3397c4f
1100652,552523cbe69c526c055e93a7eb8b8cdd
1100653,5d1f8cf8373b67eca7538b7f28a60661
1100655,9c42f28a6ddf27f20615619a239e8593
1100657,d829449dfa6e9cb955b5bf912d078961
1100659,9a87c6bc79661b11d6441401864b79ce
1100660,a271bca982485dd493022c69e0bdf0f3
1100661,2ac0268c907dcf70bba12d6e3d841f13
1100664,f38d4310fb09d668c9d7728758878ad4
1100665,cec6a95949598ec56c587c65ef570a8f
1100668,5d3420e2c02cf26b3bcfcf1ceffad1ec
1100669,6e47af6ccb835b3bb5ea4f54b9164da5
1100670,a123611fde12b0a73ed38a7e6d778699
1100671,1c61b411b2d0eb8c1faf7c347b1ebaba
1100675,4128045c05a187c92fc840d71e09a712
1100688,39391155719b030a53dd3b3744f20ebc
1100692,246e189f11eca912eaacb74d2cf6998f
1100694,ef089a35559cb8a36a1d2abeb525a64a
1100696,10fb4dc8e38e10076c45987131f804a6
1100697,a232c71119afcc66dd737c321104db8f
1100699,48164dbc7f3a62f8c796f8fcddb02950
1100700,e6afd25a669d3872cdad20aef36c4b8b
1100701,58cb32d131de8e3b300f10d666d31973
1100702,c7dd421db9a2271fdfedcc0835fd8a35
1100703,5dc5cfcdcae22d4a042870d66b514471
1100704,ab59a0af95597906959a8f077152cdf0
1100705,4161e27bb876acd2c8cd65a9314e7642
1100706,f6a2e8f71c112f4bb9a1ff14fcf20173
1100711,d59a93a830bb620d18b2193df51d6a71
1100712,47d44a1ccfc34b6249badcf138a30d51
1100716,b539546ab68053312c48a06351648a46
1100720,f1999d331d238119f9f1faae4d342aba
1100723,284833187672f50aba6b58a9de0644ea
1100727,9f7dbe369d905e339345cba103d12f9f
1100728,c88e816971b0a22facac4a94ab17bd54
1100729,825a74917f3fe679676472c83fbe061a
1100730,32d89e37a23d1918eff1467adf6ff493
1100731,c0c2f6e8ae07aad37f9fbb319a9434ab
1100747,c95d1774e779f643133f16178b81f830
1100748,510c027084f6fc67307575413b91be5b
1100749,f5c1281df2d60d507930151ea4a02073
1100750,bb8831ddc57cf23ae02112653d673e50
1100752,f6550ece92af2477bb25e1c17a864bde
1100755,d040cb85110ef98085aba09fd0b1f190
1100756,38ee1cbbde0eceab8acc34df17954389
1100757,0ed236906c6dabf5be7b15b543cd9f58
1100758,a5f444d295a4fdf52c429f3d7118adb6
1100759,dc2f71480fb3fda063828cdfd07bfc7c
1100760,d54e2d7e2498a4ab142a7ba51a0f9965
1100762,f13d4f6567dc9ac8514bce81f6ae1534
1100763,9dfb76b0a5b097ba28cb4fd87d908951
1100768,8846b233c1ce105f88ba3b05cbdc886d
1100769,facf3a886332bfbb9767cab1c4f9b61b
1100772,b9a07b0642cf31bc109b99afbe5c7ccc
1100774,a1449b954b7e5df10ff9a3207fa180cc
1100775,ee350d361df3c5df585640d3d1d8861d
1100776,a5ff6b80f798d6df831dce42f6aaf979
1100780,5f36587bc248179a5fec193fa1329a48
1100783,34c8ccea6a0f9606413df612863e0ed1
1100786,89376acdae4eebf63b4a8804731eb4e0
1100790,a0a7a85263ceab83a289cbeb7b5c280c
1100793,4e5ee3c3111ef8a473a68e0a0590efc5
1100794,e5d0b4f74dc3a35e589c505d5d1d7092
1100795,bf45044e5396233286ba98b88225b0e8
1100797,1d252abbf73b651911a4da5e9492743e
1100798,5d36eac5b36ed42f8501d26259dacb6d
1100800,1a8bb9cc188a96cd381a5e6e69398af8
1100801,5106680db599619114ac30e34673cd96
1100802,2e0e56b42c7744e11b9c435390154981
1100803,ebdd40b54d78bc8aa8460517992cf2f2
1100804,5fdce05ca6e9de5d09086e1ed8bc8985
1100805,16a54efb8be229f09a8694ca2986aa19
1100809,a56a3c370626ccda2cf9e91ee0fd173e
1100810,82bfc6e92ff5ea1eda90867d0377f00b
1100811,29db31aa75bff8704447883f43d55d47
1100812,8aa1d6fa591d07634e29121cd420df21
1100817,00defad785ddffbb68c0ab6e6492e14a
1100818,b599a04c338f6f07eaf0e9039637260a
1100819,0078f735794a53012fffcf5e759fbcaf
1100820,7cbd1abf8f7849586d7f64a9844f155b
1100824,662b5a7461e4a5ebbcf2a64a189e99c9
1100826,7d5994520aaf0e789fbb3369392e6f94
1100827,6c2285b293f3f7f0a8f8cb1a31b2da27
1100828,8d86f44dbc78a4e7cba60322d3a0fc50
1100829,b07b5f22ab2706a77ea213dd69980910
1100836,b796c860b9fad3fed7352eeed1ee8b58
1100839,9da6e2c47ddded9aa3a9fb1f8242374a
1100844,de5a6d565d61c904703050061cea35b6
1100858,8787a9235fd8e7c5916700fa0f330f1b
1100859,db237af42d7773aa2252a205aecc239b
1100861,d6b04a2fd77fb59a87c62e941d0343f3
1100862,8cc4d0779459bda2f7d1abfe92095b1c
1100863,61edacb2b6e08c924d5e9d84051d818d
1100864,996bb665bb4838fa5df8de7f073a423c
1100865,f4428d4fe45e9f5006e6413903df7ef3
1100866,060a246ba690f680658bf7740fe10981
1100867,106e01ff15a768d6bb64ef30d6de4aef
1100871,d6fc032e85deee07b0454bcb69ba31ca
1100873,1217bff0584a38277a05a1b929e1d789
1100874,cbef6a2eb0e8b59c877447dd033961b1
1100884,4f7a9034edfebeb19da37f26b1d0dd19
1100886,7f5982800079a87da5d66d0535af78c2
1100887,eac77833a71a47897743cfeb907b0814
1100888,73040c36a364813d2b919e4f8454872f
1100889,d260dbadf44640b208de95bbff54f23b
1100890,e195a7e9e5705ca9171ee0794f98ffc1
1100891,3e85774f54acbe8a93f2c25ef25860fc
1100893,e3beedecaab71c0ef604316cfcac244d
1100895,36edd629335ce5e32b22d1baec52e508
1100896,64dcec6fd0d0d3c54b3ed45f1407a392
1100919,feccfedea4f07b5cee8405b542422bbf
1101017,4d511659b0c2396f94a11240439f23ef
1101018,bae01f44cac2c6c7f54b5d11552df7f3
1101020,3c9481a6fba5d2aa9cfd6edd6607e0ad
1101021,8a6dae9ac5cc428f1858f88cd04440ae
1101022,f4843a89b52b0f13ee943b54035305c7
1101023,d6a772a95d61d81f638a0b27890bbcaa
1101024,26508d773ea8c97acd201a7e5b7fad39
1101026,f718a9298b2c548e909ef58319eec57d
1101028,a868b714b99a4058fa57f570fed390e3
1101029,87b707192fa0d451cb021bb70e3c459e
1101032,1ae23ce1f69a62688619550f26d0ffc6
1101034,4850690355624dd317384b2e46cf29ae
1101036,f3856abaf0211f6834c9e592c5126a72
1101038,7866e54767395dc0497ebad33fad1a76
1101040,a3755bd09cc6302ab8d72a359415e73b
1101042,597fe3205a190b217ea6912f7f277416
1101043,81147fe9438cbf818e87aa41d297f777
1101044,1b840c25cdd2ac32f92390c092e6f309
1101045,0b370fb897d10ccca6a0af5e7409ef0b
1101046,efde631be5c8d9e0bdd7eff3bcb02685
1101048,17b42526152262ec8fcef1db0b6e0a8b
1101049,6bc24512f5850ef82b6bf2f83e40f77f
1101051,af5c2fb7cb854f1e466b7d356d67d2f8
1101053,50826388adf3a1e26fcb883004d48e5e
1101054,bb29982779a8234cdcff07e9eea26ab8
1101055,9b890751406568df8a90241949c9b727
1101056,9108337ad4116079fe8d847ad8ddb24b
1101059,0ea0d7d511df1e2558856cbe28072b98
1101060,6fe9b0a8c61cf53ae6565d62614370f8
1101061,8d775258816d3d5052d52d401da1587d
1101062,7155e5baaa8d3636c1b825c447009e1a
1101063,5b4bb452f61b1bd84142ff68a18c78ad
1101064,5db402d6c99453120addef85ed5f06bb
1101065,61da373053e78a1eeb5d0353601f92ea
1101066,cb5a2d2ae028e9cfe0168453d86019c9
1101068,5c3a523ce3fc036d19badd31af06cce2
1101069,f2cfce612baf85f3e85b3196e2552895
1101072,7044421d1f26c670c39184b31123f683
1101073,68e4d28fac3b40db8e1d40ca88ef23d0
1101075,d125efc483b71169348c06da21e897db
1101078,7d027b6e0cf82ff3b738d16c4a55d45d
1101080,b89d59104c2ac9bd6e4d67845d5aa44c
1101081,a6ac1ce5a796a4de46a32697e3869a4e
1101082,c4ed7e71eda28defaa055fbc4ca3067e
1101083,3a65f613eef67b33d96edfddccd97f00
1101087,7905d66240ce7b6b6f79f7411188abdb
1101090,7bfa2219dcb39a8f90a9a038a43f6e8e
1101091,f813357c4838688034b88e4d88ca9779
1101094,ffe4e59c5a45fde86001906f44375348
1101095,013d32f9a60ad857460eed97a08adf70
1101096,7ed7186be4332bf9335642096420ea7d
1101097,29ff932426667303adeeef181d0be3b6
1101100,8731a433d41fe44107552fa382bbf902
1101105,e5369dc96479ca8bd864ca9e93cb4880
1101108,492dc44d636e5dfa64f14422ce513f60
1101110,e7c9d83ae0727ada5b7071d027b0e5ab
1101112,06188fc95fb75e4537c2d552d9d1ddf4
1101113,1ca5e96f92c7f687c115588dce5a00bc
1101114,d17d6b62e4c856e2a78034510c2edb9f
1101116,7c1074b5850bc77cb1296e932ce8abe4
1101120,bdbc42aaff3b090508f699b4825039b5
1101132,d4546ee466fbbe11e2a886003b018a61
1101133,471ffc353ee05d23d1f0330076478219
1101138,3b8cc2be6a60f6c40c57ae6e732af7d8
1101139,22f83078b3e70a3c0c70b20363262d1b
1101146,18f9948bd0d82669587168421a17b59b
1101147,040842c4db77cdfca483a06d1988c649
1101148,1d87d99b546722ffd5a839b89d3d5fbe
1101150,461d94e4f953cc50e4d289de89357344
1101151,9904416cde8f7b465e03bbac4bbc276a
1101155,25ae98fb25e415b0417b2fcb7104f3f8
1101156,e212e4c5c9e14964a1cdc636016e8df3
1101157,cfd2b414d3a9a8e115bad4f2cab25892
1101160,a1d9a888de8d4ef799aa0999efc0af64
1101161,584e6e36f2a712f9fd77640fb6a30692
1101168,f03cda3a220905e034eb0371381410de
1101169,2f10cbc08f2929e2b25705b18c830b22
1101170,55c7046e09740ef3184dfc6ea80c6ba0
1101173,a28130ada2f4fa4135676db00a29de87
1101176,578ba1ea8a88312c7d1214dd3451150d
1101177,0d30e9e98d288d88ef98bc79652f43d7
1101178,b1ad9968a7e457789562b7232a1e57e3
1101180,f8b87e029e06581f8b1990f6b4944d90
1101183,c30792f6b0163eec982b14292424af27
1101187,444ccfe248182849f6488cb0d1cf682f
1101188,b66b40252ce8e7aca53412d0cb3ddd34
1101189,de58d9d35cb37f79063fcf001952a72d
1101191,9a1a89a43e8d8383686aa9f7d5c6f1e9
1101192,71d5d8990b49547cbeaea6771f62cd87
1101193,6b13e716b30d5fc1c68de117032ae415
1101196,08d0a149024d7b174f183c9522bf369f
1101197,c3721f5984b9438475608270bd36d7d8
1101198,7b62ae79a4eeab7d60aa750217730e52
1101199,19e21c665ab9e6a2251eee93a7655080
1101201,f025bdf4f7ef9f07c5ee94696bc0b2f8
1101202,37ff154235fd4b2d8829807727c11948
1101203,3ccb5ef599def38346476ebdf110cff7
1101204,03581ee8a7bec61d89c63695be71bf18
1101207,44de56d9d0ea9e8b572701636535404d
1101208,fb27f301524cb027da3c607e6a3d1342
1101213,69f4eef50a917de97caffeb5676ae8f1
1101217,38d51349ad7050d6e178db5c5104a2aa
1101230,38a1b9c20d0f54b80021d5917c9d9cf6
1101316,ad0f163fcd9e9d0a82ac363d758e1aab
1101334,01644d90df41b2e532f743d91b10c953
1101337,71bbabdd9aa121d59e7339fc74789f01
1101339,22475f7a5bde83447cede2bb62652d75
1101345,62288799dbe896950fe10be5221004c7
1101346,8006eec950a76163817fc8fcc4210fbd
1101347,2fd4446d99a1333421525e8d91797db9
1101348,cee07681f01da4b7b955b48a3abbfe2f
1101349,337a871662d639c16fbd447f7d5053c1
1101353,13940d903adae5b24d1dd32129d6ee53
1101354,6ff065c69a4f5aa3035693cfcf88f822
1101356,55592fe5c09a83fd98bf775c2aa1f7ac
1101363,f2414b9f2fe2b8908283512c0fef5a31
1101365,f9358fcd7e3adb9c54022ee2c84dce7b
1101366,7c4e5ce7179de370da813abd0446cde1
1101368,0e58116c17914b02eb58dd81f13706ae
1101370,ab32a49a1ca8b97170dcfc150ec0f3c9
1101371,3baa3aba6e8d314dee9de0829b2b5b69
1101373,a32a45ded6986efa57da96ec47237a08
1101374,7882376d49cf0aedce42bd76657a7dc5
1101375,93155193f7efeb175af84df1e48cf923
1101376,3afa113eea92682a3f1e884cd587e594
1101377,b0ed7c63d185c92e9de1d78733bfc620
1101378,103ff8126ce0780fe467490e4b37d03c
1101381,139ef71ae28cca21353ab5af317babe7
1101382,63bd93647a68ff3988361d80af8cdcdb
1101385,0e47e8a23fea6c934d658403c68bf65e
1101387,5d0352d70062792d96a3c019bd770126
1101390,5d7637683e8936a32d3dff0a44aa34b2
1101393,945aea8051bc2e93c87a67639a30e021
1101400,be371845acdd661e4f21c121b2ba999d
1101407,78bab3c8e39799d9c74c2fde52e84e98
1101408,da580a61540318ea192d2161f4d2934e
1101410,ebe95219b9d3a8a520c08b941588f8f9
1101411,c8053b2cf3c890445c94e828fe99bd6d
1101412,266db9bafd8aa54d18e68a8e21dbf001
1101413,af3571d1707bdf08c07a0ee2356074ea
1101414,7f2f8d2be2cd1781a72a7d2c3e350739
1101415,8b721079e2cd0b9340f7fbdde16c9b2e
1101425,bd88a746140ba4bf73dc062ff060debd
1101442,7a479a93d9d673a92b02a003a5f369a6
1101449,7536258c61cbc0efdf3708b7014d169e
1101453,0525743a06dc26574b8f3161f99173b5
1101454,6266680477693f946460c7bbd15f712d
1101462,3f59193177cea3afec62a12bbe6a132f
1101470,74229ee50ccf04f361fd01cc81f5957f
1101472,d0f6ab9c11ef72e186c18faeab5b4ab8
1101474,add42285ed8eabceb5bd43c6d024964d
1101478,99d465662c0e4f90e57392318dc2853b
1101482,034b3ea58e41290d0d01c075c76d7c8f
1101484,38b0fc0cb39a82cef06fa22907bd69ab
1101488,bacbe1a0fac662384f865c5add933e3b
1101490,fdc2b83190013da26e8213dde958f217
1101497,9c57de1675c2b5c49b9bbbada3353d02
1101498,703619a24d8aaa1a5616dc980a3ab517
1101499,464640cda9476c4f1dc1006b3cac0a6c
1101500,88c0c5df4032bde6c305e539fe1aaee8
1101501,f5fc724565766e45377d4c74a8b2ff65
1101503,a9dc31a7848051dd60a74590e6f9b949
1101504,8f48be54ae39aa404e0107c0224947c4
1101506,210d8513d91c894e6b520f77da38ea4a
1101507,e45a52bca7d36b98e66d5657b50943c4
1101508,cb8e60e48fabdf939e8948e5f96dfa22
1101512,4708feebc4eea10e003631b9ed2d364b
1101513,bd3b0e490ba5e9c86896a6e26b81ff66
1101514,5dab9f0df380b7ac0f72648c9e42ce83
1101518,cca71d06fa6f9eb4d7c365b1c59b5b83
1101519,217ca8b8e9da487ae4a42ba141827a11
1101520,a2920fbf70f01b6606a5ffc644122139
1101524,101ec364db56aa3022f2b07a723bf6a1
1101535,ee9f2f051d7c8683357892c492d988cd
1101536,576da0d34e28547a23229d9553ad93d0
1101537,1e16a29f0db5a973e7d04c14d469db90
1101538,f1820bdb5e5eafc6e6916bf461135c84
1101539,180d4543ce1ebc00a70bacbd4808357c
1101540,bfbfe4d5447c41a5ccdca584fa9a634c
1101544,c874465df97662ad66b6906f2dec1571
1101552,fce0abd14ca3c24b13cdf7476018d1b5
1101553,1c246a755d8936aecd1208189565a745
1101562,7c5d4686ff4153fcbf10117ec90e2efc
1101567,a898b021ed2c72a19073bacd82e50c9b
1101568,391e740d7851ff2e1153e28e79d84369
1101571,7e322a5094a929a1575668ef45596ecd
1101572,df83deddc6c7cd4890cf5b1e0dccb360
1101576,b707235257ac35697b38fb738070b9ef
1101578,bc937a9698f2887ba335ba51dad74f51
1101580,146239171a76f0d387c826c17b94f01d
1101581,1664cb284432b87efecfb07005eb125b
1101584,351aea8ead578d082df2e880facd2434
1101585,92fbc1f232da005b387a0263d5d55e06
1101587,26da396978660b771642f48159363cdb
1101589,020c5648d9bfdf66e601d41b29582c38
1101594,ff2f957a8fc1e42d62fe7705bcc85927
1101599,5074cc009f577803b673ae147d8ccc2e
1101601,9f9915854a1684c7eb78143d96fbff1c
1101602,c6a2e45b01f4270b7315d8b6eba58a41
1101606,edb8eaaa79d14a1edfd19d0c6a0c1c75
1101608,d8ae19c83c2bf7b54b47e09408be10a4
1101609,be46edd4767d9033b29745e52898806c
1101611,08c28b65f7086781275f8468915ee0aa
1101612,4944b7348133bfaa091533531f1bab54
1101615,6cad7ae9dd2c245ac313b961e1574747
1101616,5f603f9edcc5f88dd9887baf46c6e4bf
1101622,7c56e9f6277af1ae5d8fd5f6933c71c9
1101628,d54b9c90803716953868ce12f1f29898
1101629,825328b78d5e2b503e59aeabf7f0c9e5
1101631,07d6c4ddc64617365b321348aed35270
1101641,3e7654763c20b3d28b0ba442a0d27409
1101643,a098fc1b798f93237040aaa223851631
1101644,a34916a5a601666b3ac7de92537d53bd
1101645,5387fa990758fb21bf62a973b88dbb7d
1101646,82240ca3a3756085ab33b96179eda342
1101647,bde51120636c6ea5b79b03c54cc42d42
1101649,467b8234781d55d64dc0bf5b9749812d
1101651,03eec32c2fe50211fe646469f59030df
1101652,7d4a07b5b9525d2a1b286953f0535efe
1101653,6482d7883cb8e9a7c6e6ed0239caf4f3
1101656,97bfb1e4182bea0c38fb00cf6eadc5f5
1101658,a07fed88c9a3a245438c8f5e44216191
1101659,40c3536288dde0d0a9ebda6183758eca
1101660,db88c00d141a91844a33fed87074f4b0
1101663,9f35778f5da29eb2ce7a63942c82e514
1101665,9ccbc275bb3c39b7b9802b11df66be39
1101670,9af84b9c08b1286568e2a441cc76d2b4
1101671,b8f8faa690b6540737f21d4c70c72f7f
1101672,daae78c259f6a2fe77ad440c1c8b74d7
1101673,adcc4ac5d8170c4ad9a463c1cdaf8666
1101675,cda0214e6d04330d74de99c0b4fbafbe
1101676,a232d54b8babad6f0535447710ea02ae
1101677,35223000ae88040c4adeb78a11be3992
1101678,e53c963f5f0aea0b5fa6d31ddfabf9db
1101681,075fda8063613d0c783cbed3d644314b
1101683,e711dbdcbedf1b8f3575754d49f783fd
1101686,e2aa682ff416e84a618a2e26a07023bf
1101687,8cdc3eb3790e0c2e04b4bf624beb80c8
1101689,cde9e23f400a6fbaa9f54b9e9dfefa5f
1101692,b06ff13e4ea10c0cb7e4e3a49a6e3651
1101694,846043027fe1b6f17e0a2b5f997f4d83
1101698,a5814de14e5dc8bf71bd0ec526d00812
1101700,f96ed0a05ffe77495af07a2879eb6d9f
1101701,99928eb6adff5c96ee8679a4faca892c
1101703,63d1a0101ba271cb0035fecc93695342
1101704,b8f374d6e3a1dd6d8944ebb82f908300
1101707,6d04ab2560414cdac707b2598574802e
1101710,a89c20e6a98d445d138e5be32d5619f2
1101711,5534ba5846be91655788a02808c17160
1101712,a8b8f6902718df0b0caf11db92604369
1101713,916754c3148e8fccdb7e6fcfb556992a
1101717,90ead249f64c052a90b6ce96652c81e3
1101718,1825a6f0dd0af9750437aeeedabfcfad
1101719,b7a49f011d202b1ce51442933f30fc6a
1101721,02fc60c2b0bf65aef29961b4bd67700b
1101722,eacc69385a0d059b6aa9bb9a32d74030
1101723,f811d9f28be46e9e2341a49afeac4a6d
1101724,00656143e291b64dfc736024bb11ac95
1101725,123d31233ed9ac306a56c4e75d31ad59
1101727,0cddbc58446d4129b373bf77c96cb096
1101728,e1ff710a4a10954432de460eab5823fd
1101729,606748d9e0367750ea42cac24cf00ff8
1101730,08af640effcbd101a6d1c24021c776db
1101732,3202d69c5cef22e57a57c9725970d18d
1101733,9962ea5b689565c448e5ccaa1f4f6ddf
1101744,6b30310dcefaac421d0228349ffb0a35
1101745,8c5231fe7bede818023d71fb610e2185
1101747,c9f5741885432e3ac9cc5463218f27b7
1101753,9af5a84fb7064d0c493200e232508c4d
1101754,db25336f26394e1783749aa02bbd38f5
1101755,617f96a2b3e5731883ea23349a9e57d2
1101756,f086f146d2bdee99d88343ec81e23222
1101757,4315136eef94eeb1632aec5c96e5ca9c
1101760,f206d6d7af2f5536f9b60571250c722b
1101763,e57d2495b4f4e684d96b97f8fa66f612
1101768,d3ac897b5e0876480bb309e3d7866c21
1101770,467c41b74413520e6de22be1bcdf24b0
1101773,9d1b88ac123f445acc8bcbc12c8f64f6
1101775,41d73940e8d78c4423f3dcbb0c837e28
1101780,f8d43dd4a73dca704fb3110563c7d922
1101782,de158071d7ad4e43f2b8784f5466ee51
1101783,cd5db28d8a937d6a23b406b1046c4129
1101784,46ae58308da446e2752b32bbd85e5721
1101785,d34edbcf3130fb4c8d9d4e723acb2e0f
1101786,62c5d86db9e33f4895493cb370742596
1101787,b5af2871520b3c64728527dc7c0f6325
1101790,a54ec2c3a957975a48bdb128eab4f283
1101804,b72f068d1af3f3e9d5bbc8593c7eea23
1101805,f6b9aeb6d28eb5dc927accf067e729b6
1101806,ac4ec2cb72b0274a36d9a5eeee5335a3
1101807,eb77a7e4db29627337b56d57072d2772
1101814,91b95146a0a0bd4672f5815bdaa42184
1101816,469be2dc88ea9fd8e1c6496cd85d0458
1101820,43a45502d30498249593b96d17823839
1101821,8fece66db961f7308ec959a9bcaaaebb
1101825,371e85df3aaeccfe300f17f243e599f6
1101830,3c380e6c43479a9ef26554bb012ec1a8
1101834,4f9afaf77241f0cb286939915d0d856f
1101835,21fb71db6e69f32263ba020616336943
1101836,3baf5a9560d04360f0329ca74fabbbb3
1101837,4c4cf0e90e2c77049a5b75b495e029a8
1101840,5735381599e5c95390eb58bfc81d8a9d
1101842,c3af881d7c8d7f80012bd6a9580d39ed
1101854,d008c3606b4992f2b25c7b36b14f92f3
1101874,4d6f43e6a61e1371199d1f02d5a2fd81
1101875,519f1b6bd5d0e02324d6e211efe51d1d
1101877,2625222c6ffbeca99be27e879d6fd913
1101884,f44256ffe69c613e9022a9e764b3a2a3
1101909,5eb33c94e99f7ab0633823b423fba5f5
1101927,ce552a302861b9a185a82a7e0ca7d7fe
1101929,214855549188604eb8261a7e870cf879
1101933,38f0762e651d7c1b08bc4d1981b4ae48
1101940,ff3b52704832be31213ba52670ff0394
1101944,a6418320ada0f279c97327b0e5ae868c
1101962,26cbeac51bc7d8ec6afb764be8a10bc8
1101968,ada80692dde3bb1a707acfdd53c3eb4a
1101990,afd39c7512570ad5878150a6439f6e35
1102020,ca80875e95a6ca7bf78b04644eec4dd9
1102021,d39eea2f06a01e430e243b40569155d1
1102029,c800d61fbed537302e3a77f678eae06d
1102032,995bb956be8faaa75bc981f6c61e6283
1102033,1bf87affcc1dc843844ddfb987d2577f
1102049,00ba0ef2bda6be7e978a31ca4a0b1348
1102068,c8d5c5c9be3379286934b707b037a65a
1102092,b50cccc557ddd61c922ab85168afe3f2
1102139,44cd18464eed941b26c9645b637cefed
1102140,952757267522df4d4b0c18f11dbc36ca
1102141,d05e4f45b0433d2834af45cd1cba7480
1102163,0933c2f6b3f4fbf0e3af87afcbd0835a
1102172,38748f4e66f600062acac6b869a269db
1102173,1e7438e057d4a399eac10d93f10364db
1102184,83a49b1ccb6e0ea2bf56f4a677c27f68
1102210,7aa927223ec1f3279a451237d8810106
1102214,9995e96b451a10028e1ef900ca13e586
1102240,73042e08ddad4e160cc22c9a8176131a
1102241,3e6fa3e37a9ed52fa4c22fab6505c3c4
1102269,09b6c98bd49c4e3a95eddb791fc5772c
1102291,a960491d5e34d13c53134722b37cdb9c
1102297,3fdf81765eabf379387387ac054ab42f
1102330,682d5cdd9e5bd5d3c1d36ed56eef6c0a
1102340,545b626241d617088b92f826b23688ee
1102351,283890b76b328569a0ae9585fe3230be
1102352,b40c77ed5d8473779fa671ba6fdd911a
1102378,bead928082e3f24eac45c757ae7ba9e4
1102392,911717c290adf6ed4def4c46962457fa
1102409,2905b78ff0b528d22343f2b27306b979
1102412,ef04d515e4353bb0135b490ef0adca92
1102465,f78efe6dac25f0528b3c3b2e23de4adc
1102467,87568fb1b6640b0d1c52106295781d7f
1102496,87202f8d483eb4367a30ccb9dcc24ddc
1102497,f30e9f20f56e41ce340d54a0bd4d4a7e
1102504,7b8ac73df6624bb22ad2830c19e975e3
1102530,be1ef037a32c91eb480f36d5d04ea014
1102531,46e9d2e9c4e40d622ff74e1c0382857f
1102535,bcc592f77d9e4b091c06e8d47923d8e9
1102543,e1181f69827b2531dc3ea030e038b33d
1102548,ac2fb6aa88befb8e09423576bef497d8
1102550,7543e3233e07cffbbf5eb3da0e39b71f
1102552,2aa3dec1d9e2c7029f7293cf1f69d4e0
1102556,54466ac2191dec27b5c33e1317110f7c
1102562,06bfb1c627501f52d642ac92e2027d37
1102578,32f865842b87483d068d79bb5ec63c01
1102587,fd042713b65cc87fb3ccd260f272174c
1102592,ea1b3dcce40c8a4f2a5a438f8eb76679
1102596,87351a964956801fca1e54daaae3d9bd
1102601,c3865c79edc31e2bba921d65fb328a8f
1102602,11d4390e0066a915ada1039284e44b0c
1102606,7c1f022b30559061b74097da1e17987d
1102607,a3d3e0212cb681408347f37c8ecdcbea
1102636,9dc652ac1f209f412393877d5bcea3b9
1102641,529b44c2563485dac186bc0aaec55f39
1102648,6de92c79439b3e1e5e933713aadf7e68
1102649,1b1fb992fa7050023e5a2cb0e6ebed3a
1102654,3c1b91e7b28a8596f974a08aff13966b
1102656,200acb4feac54dae8891aadb0b580b98
1102671,65a5bcaf8ec16f6431d5de0f8031cf42
1102672,8ad8c726ff52e97dfc9fe3e6bc683caa
1102728,963e0cdac0b820fa667333d211c596bf
1102741,47e991fe9a6a29958a8490cbf5530f0a
1102759,ef2e26d0a3f42e4b1868c951f8e882e1
1102773,9fac0290f96e0207bf351f6c6c5d444c
1102782,e63fb512630781ca3a52377dcdecc7ba
1102786,879b4145d057379a03e4a0ef6c23c3da
1102832,9fb26e5b41cfcee24799b0e920231f47
1102871,6c85221c02cee1212cded0e9ffb163d4
1103054,d3cdee54d68ae63c807de22d09415ea3
1103064,b915953a0fecf515f43de478a1c9ab71
1103065,6753195991a76917b17a6abbcc4b785c
1500025,3b5f16af078cc4b379bc2ff555957f11
1500062,2f50901ba2ed2273b848eca7a540f55c
1500074,3b8d61319fa867e07b3b107a07efd7f8
1500078,ee87398cf3a1591d5dbed5e12e26ea3f
1500079,049cc3f8a50d6ac5a0118a68a9b18374
1500082,0b7095388b07d875cafc26cdf07cea0f
1500085,5f803289040962c3580d5d32a8d16061
1500086,3ab87bb227a796dc4daf5e6ad1536858
1500097,2f9ee31507bd7ce91ebc7ed5f49c2b3e
1500099,ae3c7e4f42fb195e76c73deede00e60f
1500101,99e92078b21f801a77212a04f0da4205
1500104,d708d673ced8ab3f96bfa30196894ba4
1500105,9b976495f5076688d6bf2964dc9d5416
1500106,43b62fe72053e9419a43ea5e7258a255
1500108,d09f3e6b7b1a995f35dfa52ff59e49ca
1500111,7c9d2df1b4831852f89221747f2fdbcc
1500114,65e69b02143aa2c7a0a1779e3d0f5079
1500119,81f473949e7019c4d61c718dd680531c
1500123,723ea84d4ff29d724dfcb9d339affc90
1500124,14f3e1d957a8d68d2dc941e090eb3a83
1500130,0d6d02a45316924f0011923df53cfda1
1500131,01d9b86e8bcac893771857a98c7343de
1500139,3c72180619656b9f4d8f2e4ec0667777
1500150,53abc927aeb36f8850e02a02274cf0bc
1500157,c443fb1d6ca3073d6d1692b2b8cd0056
1500174,7f068e6db8b178f1bb613558cc9d1335
1500181,fc5eb861f34860624754447f7b72aca1
1500212,5ea059b937fa7b6c04acebdbff0d5159
1500213,8fd285a9f5f3e22bc5a00ac8b8e1f613
1500218,748cf1bd18340667a20fbdc76446225d
1500220,44a5e3b6c603460458390c81fe343090
1500222,5b55e698ecf2e2a58a6434885cd4aa5b
1500225,64eec841ea50df16c5e9ebcc8093e532
1500228,d791a57ac3d4a5c110a62a7be2c48edf
1500230,fe7dd8f2c7c0500a34ecbef66c093781
1500235,bb8b872b9c95d2d460ebc36659e1d454
1500238,831e77b6c3cc977e3cbeac9f3d4e1ceb
1500242,b7b1fc03619341285965cb6406ace934
1500244,a7a0aa6ee720d97257e6941676033c62
1500249,4d7ec042976c2d0743e1e940ab55f924
1500251,c55fee8b66f8f1205db80a9eaa49cbb8
1500254,36973662842abffe2a6c8c412c901f4f
1500259,9d7769122d83acd8feb27acbd6eee530
1500261,356c42ae381c619e3ca7bead436720ae
1500264,94c2ebc3bd2932a7e402d8f20c363804
1500266,a2336150247219df47b593b6779695b8
1500267,911b871ad5a8e21fb6053c76bf62bc93
1500275,2ab5e7ffb1ba495c7ffbaa55ff432add
1500278,b7ed5a89b7c1fe568b9eddfb3b33f12f
1500279,683ffa1ee69ff6b57205b7c58b108c88
1500281,b5ec8e47f9817b1c5e0a47e27cdaefeb
1500285,4102542009afc429c5b97e3283429fb0
1500289,10ee916a909eaf4806cfc31227580662
1500291,172eb603174ff3787be09169d9f7a735
1500302,8ee35c0d8362c71690b874891a2cb9b2
1500303,7b4e887d491a4f2bdfa26cf9b2d22b21
1500304,68e992cdd5df6b23fa84f34de35e78a0
1500314,06881bef2e820063b451f62e558ac04c
1500315,7889a610e5c1738932cbf332bd2ed1a2
1500316,21ebbf263affe5e21a47e9eb093255ff
1500317,6fce6c7991f4d92b1e871d4372045d2a
1500319,87dd069cc9bc67a2d4d9b80d21f72cb8
1500325,f06f448c1d60edad963baedff66f857b
1500326,a4298dda6106166bce5548aeef62ef9f
1500344,0a167b7eda7dc8955e87d8abccc6af77
1500345,fc6d43d9fe5a3839b06af1e3d8e5613d
1500346,90e9d4c8a8212bcb61fc889b21d3faac
1500361,6cec7763435bef64dc2a42bc72c9fa95
1500365,4a740dbdc69b96eea2115a4249593d69
1500368,a47afbc12531854c9a0a88b3dbe7fa48
1500374,bd5df74de8fa6527362ab853a76643fe
1500376,5671035da71c58e4c7e8de5c7f0a78f5
1500378,e1d399fcf7fc8483f8d641286f1f73a4
1500379,17b6bf6d96f1907dd46947a35d4cd88f
1500380,8691da5af1635edf3455c1a4fbee0886
1500384,4d95892a643c37543249c923339dea48
1500385,19edc5ab18447fd807797e0988186391
1500386,56284e8531fdc33cbca3fb9d5537d628
1500389,e9434882837afb76b384eaf6f25bb192
1500392,8e10d6849e6f956749e966e15ceb460c
1500403,943968c7133f192f12ffdee1e5e453b6
1500405,654f76efaae33245f4f47dc7499d46d9
1500406,94a8b61266b9327e9310d49eded0ac99
1500418,c9a6f8eada51bf28706d12937a04e5cd
1500423,43cb3ad87b79fcdf2acc044b2f2b0f9b
1500425,43cb1867e4bf99e1cd7ec271962fa927
1500426,97c13f6db519635f242f54831c429ece
1500427,f778b6ab0103f305ad520be80cf923ee
1500431,8a74aa1c7b0e3322b2d5f10614c283e1
1500433,3936b21dd89794537f869377b5284a50
1500434,987f6c941e9320e690b5e416a78f2345
1500435,7a93ad20a46fa2b1edfe3a9e8e46854f
1500441,cc2ad580a8ae669b62ee85f19914208a
1500442,6a9fc5f2bee4239aef6f6af49ca8ee0c
1500444,cbd1db8f16ac3db6d2f64e13698b414a
1500446,9a107c720feff77370f965baf51b08b4
1500460,ae489f8f427c18a165f0559b682a946a
1500465,fd06e78bae69bf7c78a7c4e2fe10b737
1500477,7abb9201e79e952dfa5688a070fb88cd
1500479,fd132dff8f289770d1262624a1bebd28
1500480,3014d238ed843f3a9638089513a90106
1500481,1387f69121b39bc7f7178047dfba0882
1500486,2380f7421f486f4f2e55439b91a2459f
1500491,c26dfa471527079d1b229170b5e0693e
1500495,6e0df4fef9c5a6cf4f354d1afac76b09
1500503,d9ed24d2fa3257d1d63e3bdb07e23713
1500507,2e5cd536ec78f21b69de71ac010b4e47
1500508,abb88d779b430f1bec070f1b959903b3
1500518,8c374acde6e824535122e014a32d7eb8
1500523,8ca426ea9407ad0c75787c297c15f2ce
1500529,d501273d625a610361ffbea5e6eefdee
1500540,b76cdb712ca86a243ae26bb643766e1a
1500544,29f0c6a235502d24467f8fdaaaebf483
1500545,0b1c86419bcd7bfb3e139899f42fe28f
1500546,928d3900f5835a4fcc9b0649f16185ef
1500547,a40c028c32a9774815d36604873a91bf
1500549,7d5fcbdbbb4ce92d1a5c1d4d750a329f
1500550,847e222e5a2ff0bb855ec1a7d314aa97
1500560,93e30eb73d59388ecc0e72207a564f3b
1500561,8ecbb68164a3ab6068b13831a9c71472
1500562,7b9035c951c61b68afbf5fc5cd0b567f
1500564,cf86094dd3dee1f72e2fc1a38ac7e5a6
1500570,38bdf59c3802a54afd32b261739be8fe
1500571,5d79faa3bd21226ca9c9ce54af8d4ec1
1500573,314b1eff6581784d23c6fc07e9cfdf24
1500584,e644167cc1577948ec2c93a6f808f08d
1500590,f27feaeecf19e7eb6b5b908240d1eced
1500598,349db2d6df5999db6afbd70865044138
1500608,96a9e478659d9bf84980834fbc88150e
1500609,651b8db2e8a5ae6df05d7a825bc42e59
1500628,759fe48742cd645fab489b99e9c15190
1500630,c04f6ab56033d29ae08ffe31a17f9e98
1500638,784fa0d337af56a00543fc8b20fceb3a
1500639,0e4a5db0fa7bf2f524dcd4884e67e452
1500640,abe590637770a90006117a7470668a76
1500641,bb7dc182e6f58f0b429bcebdd07f8e54
1500647,a3bf642428b1052b041c59fcf3abcb54
1500648,c7e8b8d85c9a1ef0f2543afea8492bb4
1500649,36d731c96bf7c5167f095bf88e6a1dea
1500650,3664c643ac19dee4617d729e9163941d
1500659,bc2a9623c48d79408dd5670bf42d86ea
1500663,c804de449290d05b6a94e8f9b512eff8
1500668,34dd31f17cad450d92019e051284e4ff
1500669,0c1b75097f5b190926bb347965b1f80f
1500670,1bfb3a17890a6030210199829028cd9d
1500671,262663a81e50d68b6d5c708a692a423b
1500672,eeac25466d5f1f2191e9c25c078a8d4f
1500678,4a80a83857856fb43f2ef9348be561e4
1500683,84391871a8904a4c3da7e64f8cad77c1
1500695,9278d8d7c2b9e3b6564b70175aea59ed
1500699,7d0a84d8e533ea2ffc81beeefc78a512
1500701,45fd2faaa0e2ceebbcc7948bd8107ebc
1500702,efa3fca4b214e2bca11efa4a165073c6
1500704,3e6d9fa3b1a962165cb42232c05c2a3d
1500712,4c11bde46cc164ca4b5019445c602455
1500714,034c72f4f661ee7e9f38fd770d8d18f8
1500717,1d13ad280b2bcbe01aecc988a5f3e6a5
1500718,cc466ee8d58a365f39510299e146b0af
1500720,f18e48a69381c0c7070494b4f5bf7376
1500724,023025e558b5b8dcc3b98810f366977b
1500729,b123a1e88f5c5fec2e50a124f4b47e3f
1500732,65a4a046401287897f24a29008cb0634
1500735,929edab8403b0f8ad1610a539f1c7ab7
1500739,72f352d732b2624a360b271166063914
1500747,458f10e2a345cc56535862b6c8b8b9af
1500752,c38be9fc3d932a917b3a0aeefed190fd
1500756,5e846eb16510e570ced3f2e5209ba21d
1500758,0edc2f8273fe99e26701209025bd617d
1500761,49cc538706bfdc1b13270ef0d17588ff
1500763,ba247bf7bd6ce2aa2872c1317b4e4d12
1500782,32b2fe69aaf542bc10ad3f04fb2172ae
1500786,8740b719be7351f684347712fe2548e2
1500789,ef6b8fdef8e3f62af3c9a0ad080a49ab
1500791,0f2cdcc34d33becaabe6dd838d3cf02c
1500793,dfd63373679d3d83aa0ca731286181e6
1500796,cdc66875fc6538b8abd6a661658f6c14
1500798,275ccc78bef53e0376c9532090a7ce05
1500800,9624774f4989ea97e5c92600bbb2e0d8
1500802,67168b82a1b67c60df4535ba966ac574
1500810,d9bfc430aa62d76b548aa2b47330737b
1500817,121459d0f39136084d5aef7d2aee001e
1500818,651a5d5706872193ff4b3358d4f8443c
1500820,9127cd6d9dbcdb087884db90633f437f
1500821,d9755f26405a686545c23226699ed695
1500826,ba68bf6041e9f07ea47ebe44e72b6711
1500831,301e86832a1c1e2640b597274a515f01
1500832,1fced8a22f4921f86eab3977136b7b93
1500835,03e992f4aaa9437c57b04984e02c694f
1500836,3dd7240986b91da81274308c4037a7af
1500837,15334b58dac91ffe254b7cc06e7eba70
1500839,e03b3c8504919d81863c554b3ad4ccb7
1500843,c306128a5b15eb055608d510939eafd4
1500849,101da9a00513694c02c57cc8528589bb
1500854,11b6f9f8cdcfab62dc345783e317ed76
1500855,6ae44a1bcac80efeee9c6fe7c06022db
1500856,74b05aeebeb3b940d50b08dac9d50ae8
1500858,e5fa9f1cf7902b46c4b16fd47957cb27
1500863,b9f376990b52985e1b7eeeaf4f7ad006
1500876,79df9ceb9c1c7197012bf581185c463e
1500880,98659db7c65de6705df75e001b94182b
1500881,d78b15e097527acff9b8e13b8a0feb99
1500887,f25f037d03689de9d809a86906e3ef2f
1500889,9f9bb826cdd7ad6acd1b0e21266cdfdf
1500895,7d5c82bca6a9e21bc6a3afed29f75684
1500896,370c65ce50fd2aa2a349c749b963e3be
1500897,ca68cfe1749e90b31a8785f5873078f4
1500904,96c4d6bf6bd3573495f886c08b05250e
1500906,9f3becec9eab80842d6635acde3051da
1500909,75913a275cafc8f5ceb35cffa8d5e417
1500913,8c41a794cdba96478d7dae2059913c08
1500914,b4b4c7986a256ec845543bfe82fecaf8
1500919,987e433b50f8d834a866f6aa26b36ff3
1500921,99a1982ff32bc150faee69c289514e0c
1500931,58aefd4ef28642589255666bcc3e7e4d
1500932,6de81a7eb6ac6f3ca3befaea0fa2227d
1500933,7bcc7ef80f486e55713a70126098ccd8
1500934,7dee36333cac7c606cf3d5aeb0311ba6
1500941,10c5b4057b47974650cfbfc7ff05f72a
1500949,f5f92cd92acd2a8d2c41f02c2576e4c7
1500950,314e6dca18599fdc43da594d6f0ae468
1500951,a350d8513e5027dec2e66fa9986a49dc
1500960,6a304af1d1a8c83d81a5bf6180a27b38
1500961,65c4fb8eeafe0f9bda5f8b3d3a51f4ed
1500963,3c2154df5bd91670b495ee6fd4d46157
1500965,1c46ebca45a0ab0ce6a29ef059ee31a2
1500967,cc481bb7da301a2f9236a2fa6a928676
1500968,987e3a07f2a29d896ed62175df510bed
1500975,86c2829c97fdb2072913d0733f370a24
1500976,5ba285eab0600fdcbbb08d8ba8fdf3d5
1500981,169cb994271ef2df54d925a4c0ca02e9
1500982,8435f0b8348ebb0c219d1d4900ee8e10
1500983,503be16bd5c0bedd28b3e039c9b63b3d
1500988,06a693163c7b485c42071496bc3fb03c
1500989,461d67ac0771357f33f8eba0cd752ffe
1500993,727ada07dd38803c333cd4a2f2454205
1500994,aec52e2720d6d82b79468bdf752cb1e0
1500997,76c28c7a354c4e1a7a84b82736a2d8d2
1500998,3c9783c6b220278085095b78df00b253
1501001,154d1f1a450cdb2d13e0e47918f20e8b
1501002,44359d5847912685b4dac1db28c58c60
1501004,c223530dbb353a904819fd7149ca0974
1501010,4063e67a5db578ceca104f9d1ed50da8
1501015,d033dd3718e9f02990ed537b95ca2cd0
1501018,f69997a7ce5e3b46a3ff2038a69d6b7e
1501032,0f43fb4ac9bd3280bef9870597a1ad56
1501033,00ad2231a7d3f00a9485addf32560b00
1501034,19996bd965fc139515c0baca1c2247c5
1501039,8d9207505269ce20436e1ce3e6cee1d0
1501041,4adebfaa31397e8b841e4da4aa68208b
1501044,5f2ad516e2eca84615e32c01a93e3aee
1501056,ab5400060d748f4ad7567943b330a75c
1501057,d4833a6c8ae0661fc722590c14aaabf4
1501058,f85aec3b1365fa45e9f8e5d52cadbdcd
1501059,c37c5fcd73360c8bcf33e73d1bb3961a
1501060,eab6ef48272a028067dd25a812263d4b
1501064,66cafa7708446d46fed7874e2ebac4d2
1501065,d8d85e02b6b3213a214e877f4ec6ac9c
1501069,f5dc5af1216029196fee821871b83ec5
1501071,97a867372d6d53ea35fd0451142c0480
1501073,ca30269bdeaccddd6210cfa52d615848
1501074,bb6a8d8880872ecd4a5b9435b9a0d000
1501081,1d06451fc4c97b9573cc1583b15f0d9b
1501091,5f16a7194e20e869528b71742bddefa1
1501093,6806392141b88876997019de10215968
1501097,e34ae0b5e3cca0f66ee5390c9addf332
1501106,f97b2e3482c3e471b2c27788b6dec181
1501108,469213213216bc94c8da75447d97f1d2
1501112,69461ca10cdff1dacd8adad6a02f702d
1501119,48d0fac86a561ce95a2734632fb6f7bb
1501120,c9f9709dc6a7336654162f1febc315e0
1501124,5d43bb097e2c0eb77df1cd7f1d6fe39a
1501127,35e8176b7a7aa1e2b02d604c474370f9
1501128,bcc7c478cefb6a503070a164ad077fd6
1501140,4121b961835cf6a8c746088c245931bb
1501141,1d85d5c656b6f78cbd4bcc83728d5667
1501142,10f098eb1e157b2a2ffc76c2e356dc4c
1501143,0c613867aa9a9b00108b1d14dd4ee6a8
1501144,bdf8b0e8264edcdb8ad42eb6a220c53c
1501147,cc87f206d92b2186c8b93c3c4c1bd4af
1501152,b95daf0598a30a3fb820bff5d8f7990b
1501153,4035ba4cd39aa4abeb46f230d257cc38
1501163,b66c5b26cf4aec4c1efd0c79622eb925
1501166,18c0a3d7a4c3a2f556572dac1a424863
1501171,88c2883e8033a0fcbcbfb7d957779579
1501175,cac727f516ab30b20da67559568178e8
1501176,b1ff27cbc5a2932f437167652b7f6c7c
1501194,ef2aa01ed08f5ef54485bd07d4bc344c
1501203,12926f2cfcea873a6f67eb2cccba9892
1501208,bfff04d11310d116cb9e8c6fc46b7bc1
1501212,a23c8f2ea9c102776f64ce8171910cde
1501214,aee68f60fea5768d7dfa497add3f7729
1501229,7266423e13df439982ad40f996ab45b4
1501233,46ebecda76b76139be2db240c01741aa
1501239,cc33cdd293fb060d59cf691c87ee55b4
1501251,488a72bbf71451f7944746c3996e7349
1501252,829a6de888109c7b431da31d9b56e68f
1501255,7297479831a7c5bc9e938147a7086dab
1501258,396ab0f8827c8e2487201cd78fde9a0f
1501260,de3d682d3bab96c1e9b61b4b4d193e7b
1501263,797d9ab5d4bcfffc7a78e1d4017fe967
1501269,2b9737d3d7f0b3325906d896f97490e8
1501271,83211db836fac2f6053abc505be34b38
1501272,f29cb67abe9c0fcb91b5d4b241a4783c
1501274,abd8a242e8dbe4a27021b22d84942853
1501279,0f2a589de36b72323c161ee786789d7f
1501280,9a1e8b6307c89533bc24ee6191e1f4f8
1501281,ba0246a8416d6621301bc9eb699e862a
1501283,d5ad50e046c2d527c37b10dff81bad67
1501285,e2c7fc1b94dc5f79f9aeb56f9bc862f7
1501288,7315924e2820b03050bb992e7813b2d5
1501289,75195fc38d6df77b390710b1efa8fdaf
1501290,c7c38355a02d8c1320b37e1cdc576679
1501292,4c88e2bafacbabe97319cf5397cb3963
1501293,5495f45e67e85d9bade631b8910f6785
1501295,5471308f14290e1ca919f29f978e1a57
1501296,c9e0d8198ea57f7f721bad1cd8a5b073
1501297,db466e048c7de3499b4fb7f1fc951159
1501298,1593834b457d393e4e1f81bcf8bc03cd
1501299,cf6066764b2279a94aaddcdcbd412eb6
1501300,444fcc4fc8c81499c0977a23b0ea2737
1501326,d7eeedfb5e992c66fafa595cd341ef12
1501329,6f0d275b6f84f52522fb4f7d74718782
1501332,38570199e102ae2dcd2551a96950590a
1501334,14bbd43596d6bc048cadd02a1e316c56
1501340,74d17ec6d38aea9faea5418adbb28543
1501343,4bb25b26d516ed3aecd155ac0a9b9eb4
1501349,ed62bc867b3d9a8f94bcd04c14d21827
1501350,6e442436746bf2f71a0c5eb67ea63799
1501352,a5148048655df43bcaf52ac7e459859a
1501353,0c0000fb9acfd91fd8df906ec4c8434c
1501361,905b84ce6f14d9bc756f3eeac548db64
1501364,2f0b3869a60995e8750c478e85979a2e
1501365,fe1b91e0a5ce34ad880f1598363e67cb
1501369,85f186ed0fee1afb023e8ebfe5e18f90
1501373,1bd60088b401690358d4d7fb2435c016
1501374,afef8c1ffb387e79321eef1818804daa
1501379,dec1c7a6d642cfa809967d50c8dd9396
1501380,1bd8beffb4d5891fe9b27f37e2704dcc
1501384,4eda0ed5ad9cbcef80b2fa176e567e72
1501387,ce1ef0d5e0ddda12b505090fd1d30e1d
1501388,c085382007ffe99936c36230a2a48efd
1501390,3283426ca5f9d0aa49ca96e41269a99b
1501391,714844c3df24968697d41e3193930c4d
1501392,cd54316f255a202ad85fe6e1c2350d29
1501396,fda688832826e0ef811fd30fc187e010
1501400,2d9b34db074e43bcdb309b8f20ccbd5a
1501401,f7854bfdf216c0005baae55581fad5c6
1501402,98651d4d3c8edc0fe03f5d03d6d88065
1501407,4491fc1fc4586614a2ac6b0bd44204a5
1501408,183314e942b15e16286a28665d18428c
1501410,507f63c814b51a7ffb8a608cef638565
1501412,2c284b2267e8b14c25d56ca1f8003869
1501414,822d2e1d452172d1f0b2a721260a1676
1501417,06821dfa4f91aa7ac0116c2ebde2bac4
1501424,fa4392b0501ffb6d97f30104cd8d9181
1501427,fcf670d26ab37cb4e5fde7ecae83d0c9
1501429,1cf982436c7c048a786bd9f4bdc41774
1501430,b881cf2fcc342e406b5755e54d69a802
1501431,40655f734803e70f6646323dee5218d3
1501435,c9c3dc23efd0bb8cbd7bb010dd5ecc1c
1501437,64a4642ddd5ea8a042f983ab1dd50743
1501438,6b1b8b5332009ff1a241be5351e35e91
1501439,9a8181d603708b61e4b6c2f20bc5d092
1501440,d4a6f260b4fe7112f5738ab6b6268db8
1501443,757d8582e5d8f2ec390e49e29720544c
1501444,e57d41294be43c7b83b357c8bcde9d53
1501448,71bddf1f53c18e116de5dbbd26604062
1501449,7ab88544dc41f0158f9fa996a84bf3e1
1501452,5d590dfb0aa37396c8fb5848ab0c11f9
1501454,546cf828e40c30be890f799cb9207844
1501455,e14955b28befda0642fdec6190997e71
1501456,d7f59a1e4e2115052df07bbb2ab57284
1501461,035c39acd054f77360359699b6294de9
1501465,912bfa70a9bd69fc8a51f5363567e1d0
1501466,d1e3668ff3880f61c989d8fa55ee19c8
1501467,51ab674279fdf97b96cbb63571a096ca
1501470,f22dfd7cdb143fb6460569be69814500
1501471,c76fced6ca83ee9cb9137e65731f9e83
1501473,a77405e4f54228ef49e55ad54a8387ed
1501474,f97bebb3d498fbf94c7ec498f628e793
1501475,470d7687edf4bd682eba7023342fd948
1501476,538ce4a35edd6a10c2da140d6b6ef2b2
1501481,42bdebf756a2dfe2dd4076d497dafb3e
1501486,c8652653fa4a8a89b999ba0100603ce9
1501488,c5052acd9fa0b715c4ccf35682af0bc4
1501489,5bea4499b70b8d1c8a09ed5c5b20b2fc
1501490,94c8ed570eacc6f013b2a3c517e553be
1501495,b9742db4ebbf9156d8c471da50e47ef1
1501499,8757a620dda3249922ae4e283c20c95e
1501500,85969b87b861f2db7cfe96b714b4c28c
1501501,e087823a9883cc22f17bcb076e26e9a0
1501502,2b04617e7ae65630a7c19738c6ebc560
1501504,7630b3ce7b16c13bbbe9bf8b47fdd635
1501506,4bf7a6d2614f15eab1db51d03be8a2e9
1501507,1cd23f008dd389474ab8eb1022c55f0b
1501509,4449b62a1243ebc179230507fa82e75e
1501510,8c1762ca866e48b9b9ed9eacc22efa0d
1501513,4ac8b0be779713a490bccb1ecafe1ef2
1501515,5201c49225992664e08e596ec815f1dd
1501516,a945f963f8a66f799764990a96c9d29a
1501517,738408cfc6d044960471e0ded291b2f2
1501519,f8b3cc72ad1ceea167192860fdd9d224
1501520,388f563afd45e852aa511b9418afdc91
1501523,a847d75332493daf3de2e65f4d81bbc0
1501524,fecbb5f43c2cf9bb01d749cf919b7f72
1501525,07691ec0716298d4a750f74f01e9d1b8
1501526,c46c8816fc75fddd13e803836ebeb297
1501528,6038e8f6418b39181797e02a71c77535
1501529,024ddd79a56db8d25813e92697f4543a
1501530,773d29ee9b911087d596cf7968d1ba8b
1501531,53935a19a93d5cbac3025765f9b18f8e
1501536,104b6dfb8601325da465826392ee4387
1501537,ccc91d6171c06a7068de9277161312f6
1501538,06402b5377362c5c4f3e3d922a211373
1501539,076e5a22bc79daba533bc3e580b07767
1501540,28d4a1b427254aedb48f3fc1363c5c32
1501543,5410dbfe8e871125904d93a3a3cf656e
1501547,4db94ab5df29859dfb2a1573c8348756
1501549,20cf9ab3771b99db8abcd3dc70a5a449
1501550,a8a6979b1b2dd13e79ca67772ea1ef4c
1501551,6fc300f29e8736c94ce20d87e613322c
1501554,0b8216154e901deef78446e6ce953361
1501556,6c3b12938aabbdb6fc47f2304166876c
1501558,0ae109686afc5e6274fbdaf3630e2a0d
1501559,36aaa85a3be254aa2375cc11e1a01384
1501560,85c60f96a37b974d17c3a6edca476395
1501561,9d613521edd2250c57a26431e9562dd6
1501563,d5ded73dc55ebef214b5cb2efe7b564b
1501564,28bdf89245dbec157f4c76f6ee879a33
1501565,77bdb0d5406ec7f66373f417ea4e74bb
1501566,57e6718454a50206b1de10e8b6f4fdc3
1501567,55718c87d4984a675c13b374377ebfb4
1501568,89c302ea5b21ec20358a11ae8b86a38f
1501569,661c20f77d0c6e495f1fb09165820841
1501571,9b3be8dba665bf6dd5ff9e3af1d1833b
1501572,8415e0e431ee07edd6b8499ef0358476
1501573,0c5b220c45967da032331b79da7ea6cb
1501576,dc11292cee3def083462c81d7654f22b
1501577,ec866b524d00742b583fa65e0dceddc3
1501578,d19f68a4392fb93988383376f7db4c6f
1501580,667988dc6914d6cf7ff1995479c8aacc
1501581,7e7fdcee5b1951e08a845de44f8ee12f
1501583,c606c156ac04c88f8d05cd375fc1a4f2
1501584,382033755e82563f79a76c0964f00f09
1501586,95ea96ac5d2853c43cfda342c49ff6b2
1501588,9075f95c00c2bd0ac6bc85204729392a
1501597,4cb6f4efab64ea16cd9e4622b3a20bd4
1501601,88cfd583ca65efb00137c51f3781e0c7
1501602,2f7a456815dc8748a1ba46f9242e950e
1501609,a514b11b2d34af5863b35edf2c8ad5ad
1501610,a799cea75ba3a29f2a3ac07a511ca8c6
1501611,b3dc51b6c68dae96a09aedfdb3de2bf2
1501616,8dff02cda6edea21d8c8ee433a822d79
1501617,00cdc62dbd09d52295c8d8706fd31ca7
1501619,bdf9afc4da4d1caa5c86ff96f13556b5
1501620,d0348c8a4038d946465260d970647280
1501621,a761c48d6c739f90ea2bf3c055e1d611
1501623,e441b5f89057771800e2549db130cf35
1501626,e99c2719395fb0d98f8cce5b3bb3db1c
1501627,2d0a43f627bfd9a8db363a7108155c67
1501628,1d0c091449e857e718659f14dda97833
1501629,7fbe72d312ec78184973cafdc35496ef
1501631,30f12c26c93507c51f8a16cf4e3bb1de
1501634,d14c049cd247d17b6403d2ddc117863f
1501635,a8867505f636893ce22a66647131d736
1501636,0304d4b967ef4a170ec394e91acfb50f
1501638,62af35569ebfb53411d202362864985f
1501639,adb38384c490829e8c760b67e3aee496
1501641,33b64b8fdb858bbb9777f66e95f1200b
1501643,f662f677177eba82e7f927bab0149c0b
1501645,0eab5ab90ab41a9194702fd6b88e8697
1501646,1d605a7a3eb2aa883aad4d0942fab444
1501652,6ae4d0b873cad9bf6db89ded4f672bcc
1501653,c6a444845dcf07339bf8ccf68bd99e5e
1501654,c83d0eb295fa6b748216b712f5ba8c69
1501658,3ba8f7d014b1cd2ed7886e9dee6fa80e
1501662,1105b444939b6a7b9811d7273357f50b
1501663,3fc162ee6d007f068e7e4ab6f5add1ac
1501666,fafdf9864b01e01c7d105a65c976895c
1501672,9f8ec196f0005dfa2ae80041864c1c59
1501677,0d4a6730be425af5e653293bdde34044
1501682,574fdb7518a8ace20cabfd6db8cb57bd
1501685,697ec238f809685afb892bd48287f511
1501687,be4dad1413575c02e1ef57ef1974fb72
1501689,8fd3e9f004e713cdeb615fe94b7cc9c1
1501690,8ff35c340ee737e70f91e8707ca93038
1501692,8977bc7a36f8331a77473430be19e53e
1501693,0d46d1db961cbc0e40e27766698a7486
1501698,483b82d0982049032720ec91fb18e75b
1501701,2f46d4bdc9ff2004fdd8a330ed6374a7
1501702,b1255424a294bb8ef36161e541489612
1501704,ed0cf642f504d6ca5bbc8e38fef786ad
1501705,a27ffa3cb9f0b90e2d353060c2df6b15
1501706,a3a0967a9d79e16a44050db92804958b
1501708,e0d306880f9a5c21fe2ab854fbe97580
1501709,04ed38add52da02ebdadbd2184e1e352
1501711,794629b3df8a11852771661dee204948
1501715,72e9a4494a2db937ef7a2b15986aa480
1501716,43dde832263c7971b5de7acea317bc99
1501717,e571510e3d07e14f32d3d9f190a5d0df
1501719,d174abe71bf39a538a564dd2a8008a1b
1501720,8ef2e89647a5317b04d71ae5174c00c0
1501721,05808099c36a771f726a5c684efe2b07
1501722,807c0d0417bb2defead9ca3cb822ec03
1501725,78fa3786b1a79194d6e32c5d8ecc1f71
1501726,d954ce67f3dc4666a563f9ebe98e4d7e
1501727,9dadbab19c7bb3128e5e8362d3be61cb
1501730,26be3d3db9ba92cda650a9a00f5fae73
1501732,975697ccaa6fd01f8d41d507ab66a71b
1501733,b3371b765ab6c6b1d54d05574c7c2be2
1501734,ebda18597399b8a70d7fc24f7a6793f7
1501736,c4a876fd83562b849a16d49644f9ea28
1501740,e7a938e8235e1984fc08710568fbc65f
1501741,3b08bcae61287bc05244a04eba6642e8
1501744,19263d18087a5cb038bc0f9ea9f62cc0
1501745,03075e244baf0ca8cd55f0e1292831c0
1501746,99f27b8335e9af3c9778dfd5521e6627
1501748,b63b3f154f19f2d5738b82e7d6297164
1501749,697bba39992d783524fd4d5ad84c2ca5
1501752,de94914e41402913cf78e122308fbd4f
1501754,07c5144dc2901c4d718d372bfcc6c552
1501756,dbc5bb755836b0950055269a29f92df6
1501757,285cdb9d81cb7d6bff8f66f5168c979e
1501758,4ed526b659da60a4798ff86b431ba5f6
1501760,f8021f379d98a9c0f44c312741afdf17
1501761,50601c9cb7dbb01e4bc677f82ffb37a2
1501763,38524dfa2e9158f1450a8f13be15f446
1501766,3ca5f690715623be84d7336e8a42204b
1501767,e070e19850ee2c8e01bf4f0a2e7ba774
1501768,70fc6d4f48b44709538765672d62da9c
1501769,782ca785a041800fa7ad051dfe401103
1501771,04e73955b6861c0b91f6782fb96b0d21
1501775,0ba1a3dec1c74f60c58d24dba497a5d8
1501776,9caf31949883f6e1a620b4411f745867
1501777,e9dd36438a37b4de3b4b49fa4ae496d9
1501778,06e651f0359a4b750c3625e43fd1ec0b
1501779,940b3e8f26a2ca7109721be3d50144e5
1501780,93d490692ec81821c8a59df1fc36c227
1501781,7415a178aa989c183457ac8d2418fe73
1501782,2356be3abd73dc7301df4e03c046b1ce
1501783,eb32d96964fcc8c2f98a8795d7e88b7e
1501784,e51b37b90996aa378d5dd90c208e1ac5
1501785,bfeb8485f42b44bba20f98971282fe75
1501786,40cb1cae1c6947828e90af381acd51e9
1501787,ef627832405380afdde279532466569a
1501789,3e9529ab36d2af03c86597555d29a167
1501792,203459de9cc123293235363aa9ee93ce
1501793,49101203549250dbd9ef7842e9ba3b71
1501794,842a2c2fe429bd3d0e70e0287d932c00
1501795,a3645b8ac1621e9f429054e72d994191
1501796,3af03cda051ded282a847a7b272afa41
1501799,6fa32c027f90e3d0ab2484c2ea78c3fa
1501802,8d682d07ebc4918524e9253eeb9d386f
1501803,24378c5f394989ecec6be735521743cb
1501804,a34f794d66edeae1b1701c123a29e106
1501805,ad53510468c7ef28c22646b6d10d46bd
1501807,500d0ec79c6e84d27dbb1b63417f5c52
1501808,d1df6668475618fe3eec6ccc016ecd7b
1501809,a1669049d58b0aad31fec474cefbacbe
1501810,39da0b592b4696ff04962c7abbc27849
1501812,576f85b8208403a7e956ab4e2f14f7aa
1501813,b96df927d05c4199a21e1c58b402d35e
1501814,3aa6c966c8099b18739a551eb73d1202
1501816,90b2da92de8b6b8c21e4b36a99efc249
1501817,6b113ffd0fda89ac7913cedc01861f2f
1501818,2e8710a8dfc11611036e77168c0978f8
1501819,93f2b8c9b21da78f967715ef2799f825
1501821,f71ce21e43a3c93b9459af50ccdae3b5
1501822,59583759b1fd1b133a11a307d6b903f9
1501823,13a8c8559e1018221e8e4721615049a2
1501824,da105a61488fdb1a3f8b557da180f650
1501825,196730ca5805d104247f969507d32a94
1501826,c938e9ebdd2d6bcc0f130f6fdda55742
1501827,767a4a7650d24d796d63bb79051cbfc7
1501828,c63495661278f0562ea24720e919aad7
1501830,aba045ede7dc1be0f206fb7ef38e1ccb
1501831,68b67fe7384b3de94f87e91a593f9453
1501832,ba317ecfdb85bc79edb885adb3d2db64
1501833,77d9b7ae3d2e026707c53097a8405d71
1501834,a231dda1ade9bc6613441a7fbc12ac37
1501835,785d3e9d42db165a0bb11e1ed34cff49
1501836,ed5701a9ae22e5131595223b6cc1a34c
1501837,baf4d9954c09cf30598c7dbb18f30ea7
1501838,467b8b8ec715837b9ca7a412857efc46
1501839,ebfb8ef0d1efe6d3fb1c21747981b831
1501840,ccec45f252351ded9ccc0cb0935a8730
1501841,358ba02a836c9ff25ac3f6ec9d9d0365
1501842,65046a5d6ea759d859b5acc43ea82da4
1501843,beda40622eda7a94c090e8410037c6b1
1501845,2bfe356d509c9b6489bc0333ebf08e41
1501846,7f1e1650e7b1953da323851b03f50f0a
1501847,c7495be1204832806dd8cd6597be9fd8
1501849,cad1a437ef5ec2329b4d7227ea148318
1501850,188a1e79fbb5255b9adfcb84c5476569
1501851,fb0181e03ad95b124360bb0ea0b83e10
1501853,c9dd35b33c0061fbc49616297fea25f1
1501854,a9f9147c5b70815b33cd7aba95f3e171
1501855,d0904cb9e0544f001b279234cd9db2c8
1501856,57ae0314cec22da103dd42f3bd812b56
1501858,facb6edbcdb63f79e0a91f6592cfd77f
1501859,82385b7529676fc5994f291fa7805127
1501861,2eedfb9754fbfb973880e4caaf822afb
1501862,afc97dc766d18d22317f7381fa46c0bd
1501863,d29ed0934ec1509423a14f785b83a51b
1501864,5145118010b364db8e45080f01c6048d
1501865,f807336613fef1eb6bcef319a8800021
1501866,a733e6355393c46edefd032bc0a008e2
1501867,23b5c8c610dce25f9992e86a3f118abb
1501869,fdcaa5c1d7a4249116475866df593f97
1501870,a7cc82382a40bfb3b979592e192187ad
1501872,258aaf791a2755bb3fe4056fe8fb3fa1
1501873,09bbc351db60e1dbf5d2cc5e6e0998ca
1501876,335f84b2c14fcb7d95db85dc3b52983f
1501878,d34b41b263a06583c2c01991b6f8fe4c
1501879,0f2392a6a09743c349833c668cbc6e62
1501881,bc83704ebddbd253d5bbb0b62225a02d
1501882,0498105353a061194bac2c183f1ae3f9
1501883,67f92e01fd5cbb4743b76428c6fab291
1501885,3c90691968b21af7f20e0c0e7bde07ca
1501886,1581bc03a86586c5883217b0966453d7
1501888,9eb87fdfdf0997e3310e6693ad601306
1501896,006aafe5379c2714ea856dce813cb262
1501898,1114b9ecd2094dd5ef6686ec5c2ce0e4
1501900,d91fecf985b3d6d937bd62e8bfa5b4b0
1501902,b9fb89dbc739f0b17453f2f6da25e730
1501910,b1cdfcd015aa1f4f4da098cfc221d081
1501913,3dc19a70741c8d2d1b01b67f59a2fb17
1501952,f9c9e8601da62fd80b54c305c61fb041
1501953,29d0e424c57a60939dd915d93a895c10
1501955,d706774a4bfb2f9f7a3b03c4ff820226
1501956,2ed341c9a46806f52724c8491c7f7362
1501957,06bd5702e8bd403e4b24a61c71b666ce
1501958,76c102a7a2adc5a65b5493b454714e3a
1501966,bd16d6eb40ac5c61f9336d953d0ea382
1501969,b90e6c98e92655ab6527fcbc45919fa4
1501971,64d9cdb661840bfd8e8d941399f7d726
1501983,4aa3bb255f36590790deb7d74aa75218
1501984,e792854ca5e02d2b4966241c204f4539
1501985,f68d52aa6219dfe3907210d53bb4263a
1502503,229840f8fd50ce43ba0b40cf812d0919
1502508,ba39ee2e0193c2e8004b8502848b57ee
1502512,72e0c53e2f57c8909cc71c2b91bd660f
1502513,4494f1cdc12d8c7268a74fd2d72830df
1502514,00a5b9dce3eaeba21a365b692f0fd61e
1502515,7c977ca3ad1593297f3ffd9cc4b49cff
1502538,8b14df55fe8ac86b6d8e562e72a58f40
1502539,e59e33ce8d0fbf6ed5cfd2e1f480c90d
1502540,7cb3f57af1b8f4435edd784349b22474
1502543,1d9e04da38cde3bd81e231bdd71c1bc5
1502544,91e550f3085bc5220d4e540b731baf07
1502545,b69ac31d5fbc584f1c352603c2416cdb
1502548,5021469b6e64222cf09572d00d44fa87
1502551,9a101c748cff17154ddb6d465711cd24
1502552,91b5cd30a1c6eda5b4a442624cb8fe64
1502553,c8ad789a4230a4a56ef38c46cd45eb72
1502554,38232d4d74045ea4f79b8f7a0dc071a9
1502555,a0b1733f038a712178df26ab317e753c
1502560,f15399cdab940493632c568995568778
1502573,703beab07358dba28d3b9773e636cc54
1502576,79e78f0449ee8f0f3d2eeaf72790ecc3
1502579,034cad2d8f151bc735261022974d7f9e
1502581,1fae26d4d15c10137d21374826d4e15a
1502585,9f0f8bf86fad5f486a86a6f19c31df07
1502588,01011cb3e53a5e14ecaed11c1545c2d7
1502591,86e4ab388930d2a869446cbc9a3874fe
1502596,d2c78dd3fd9231366188aa8b8c6c52ce
1502597,b72b15aff6471ec965b8fc877cd2d0bd
1502602,caa2543ea2594a989eecc0847714e977
1502603,4fb94702d1923cc49e2a6cd15c81bee8
1502604,9ae1a5ceb6fd9e7be13510fe97076f5e
1502608,7ca62cfdece1635b572133c9ee1773b4
1502615,3b52004ea80229c3ca852d46ca33789c
1502616,547dd99c1d709b4eab855172310150aa
1502618,807a23709b2cdca66db493b6dc4f59e7
1502628,5e38defd245bccd138f9a6f49c9de457
1502629,0f5a7a1626fa6b0a64b3246a96946d39
1502631,2ea7cb2cd38c801a5d517d047113ee32
1502632,19d078fb6857fbba2301ea9030ad2f5e
1502634,6522553868250a21f895e00e225de898
1502635,8565756f6b0bb00dccf27e66e5be549a
1502636,19584437f729151414714fdb97842263
1502640,8392ca8d1d21bb93f315572c70f79841
1502642,934529cd3b0b4e54ca8bef33123d4f0d
1502644,a8aa0e46e074af34a11932d6991548cf
1502646,775956927dac672163c8ce4caf9cc491
1502648,e73468e91d2c52a8547ccd4f642ba385
1502649,1da38eeb7b638e30a170ee903bcd6148
1502650,68e895795b7aad140127986c3613ec08
1502651,4b9666e57e5ab80d0257db9434d0bb65
1502652,3f3e55e23fe9d3148fb0691b208e8882
1502654,191cbdeb20b4fd4ed037ee127b010060
1502655,b8ab38a51143b9af00e3e9d48827a3b1
1502659,68ca4e94c3c272fe99eed857497cc90a
1502663,4e6bd1ee457c1244126e0d5471c7f363
1502664,b4cf067a6ca04ece4fe0a837b6bfa7a9
1502665,9b6978cd61baa09f2a531fa6fc0be7d5
1502667,c7899b23649ede93780884942b7568dd
1502674,fd31e9ec43d50b753c63c2c293323578
1502676,36f968a8d6c923033536bfb80a3a9388
1502677,439d645254159fadc5172482b05630ce
1502678,6b66394be86fb2087af979b3683cc504
1502679,946790393a32bdb79273e493540f35cc
1502681,9ae5d9885a064823a90b8a4eb27791a5
1502683,d90cadca16d12eea17c8e85f63c8bd3d
1502684,1d6b24152dd16b12df55a42b759edf0d
1502686,1456d2cb0ac34b78ab2048b5467ac51e
1502688,ca209d4edfbc743cea379a507d55c916
1502696,8b4e887c7839df6b1840357aebc2ec6c
1502697,6e64597699fc1c275017fc808df9fb13
1502703,d72a8ec2aa78dac52badf5f4fb0331cc
1502706,1e94ee8dd0cd9d0d50aba153232b0b90
1502710,a374497745d14b8bc59e92bf6594f12e
1502717,7468695b26c358a867f3be7366801c6f
1502722,c0c02ce25f21af9af36d25ca289b4685
1502723,8dbca0f661e9cc2eb57eb193aa5310d7
1502724,ea4b8ce7bd2f0a5b453ec710beace974
1502728,18d53eeec5d050b47010f4f3b12a230e
1502730,542bf4caa88f92f952b25f6d749341cf
1502733,3d86fd75404dc518e0b42c21e6247c21
1502734,32bb2fdaf71b320cfc5cb82f4ba24cad
1502736,78e8c431a4e17be84cea558af99bf535
1502737,ac500136be1ce945cff2c5cc6edd5cdf
1502742,09fbc52e824e4c4e40432ab5932168fc
1502743,911f2d97456d00ed3a6add81386aed85
1502744,0cf845c1c878519f248e821758f4cbb9
1502748,622d0d719d17bd64e0bbd75dc4de4312
1502749,e13f4fdf9e6f199d2e5a56ddd64acba5
1502752,6c6c72cfa47634c07bc40d85a5378769
1502759,1538322a256983d398a1baf0d22bb9d2
1502761,1a9ea71cfb725daebfb4e7a6fc1fb635
1502771,2985e7b489ddbf125238e9aa890499a1
1502774,3211bf487a2752922fb2eb3b65267f37
1502779,8b9dc3dadc9d26f2b50dde28f7dfec25
1502781,2e910011440ff85726677d818ac7b08e
1502782,b30fe28a8bff6b225956abdf3ab5da6b
1502784,1d167c90b19f1dee8836db74d538ce69
1502786,4607ed80fca33e5695743e5e8a9cd4a4
1502791,441a095b40107c8a6c8599f162882793
1502792,8c20ffd545026352e0cb892c6b56b713
1502793,e4f35d36d9d9b4e3079fac8a9be33e76
1502796,b3490dc81f5ed6e397ad77b423f144ad
1502797,c658848c39703164e2434261e94a050d
1502798,39ccdf5fc8deb07ac5485c3922c18f30
1502909,ca9c84d99e6984b489d1cebf1ed22600
1502910,45b478e06e529f6c7e387e51d0e1f26f
1502912,dc71283436f708135bfde04ba706b89f
1502915,706e280783012381bb2f90a5d381a879
1502918,374f0bf6bb5ca5f4ba59b5f4b9244182
1502920,24f76ac167d441f50705f8a6f8a3f6a6
1502926,550cfa671d211d62de6658a541afc4e1
1502927,ce1402c04c39c4856822e7b6431b4883
1502928,98602bd8819c4c1a44025bd75b15a157
1502932,098eb1b02d9b0917c90ac74977debf5b
1502935,82b4d6f58ed7e12494d1c40853ac3d84
1502936,7713fdacc33d11d96fca4b0f7f57053e
1502937,8f6789e5ff5383b18ef92d53ad730faa
1502949,9e8542e339c804867589bf605d4858a0
1502954,06f4034f4d6f84a1c89240cc3b32dede
1502958,41324e0d1ad274a7b38b75e266a72e77
1502963,3cc96a216aabb4fe914edf45becf5c5c
1502964,ee55ddc431d96c171782acba74c1297f
1502969,2b53f323afd16ef5d6624c294cbd5f37
1502971,0eafed1925e5a0257cb4a7694bfb0388
1502973,e02e0253c299f68c91685d25e2f88be8
1502974,cd6c02a04d602dba32a59c5d037aed45
1502983,8d63c29cdd23b1895dc14e08b5cf1eec
1502984,be59afb0fac7efce4b410e85abface17
1502986,708450333fd449a3db8bab1f8ae34bea
1502989,014708ebf0c68a8b4e6348a4e890d6c7
1502990,4d6ef05db4ff8dc3fc82e54a1cde3cd9
1502991,47e35ecc845921ebafcbfb6a187da462
1502992,c3e0888509f1a803594b663b40d61d5b
1502993,3f5cfbba9f982f791e3a67e7c6304815
1502994,cc2ce23035917d7cc7589d723014f236
1502997,e57f81e74c636f24954bfc2875c81247
1502998,e19c84714ebb7944e91f475312c8c451
1503001,c65840108b678dfe210ac559f9538a9a
1503003,50dd4c3d9d9fcb3dd4057e577cbef76f
1503004,69daeadea19a9907320b259aad66958e
1503007,a2f929aa4f2c3f038f70ec7cc376159b
1503008,7150d3b8a96ff73d12636e6469a6ff68
1503010,040047cce41d779917d65913b8d7239b
1503012,085375d4e6f8031fa9d18fd416565c15
1503014,1d57d0c8843d16358b6cdbdf3ab67fb8
1503017,03e132b79a7d0966bb7ec1588bf9130c
1503022,1c6dcc8d1637e790daae5f8bd6d372be
1503025,30e085349c724c4718b873a75e494774
1503026,2a34ce044bcd1a62624f05dde9a4580f
1503033,c2c3cf30a6a798b856c1ba4f04f4691f
1503035,699fb69a9e2923d614e4ad309588353d
1503039,af7e00cfa80aee241f157af5070d762e
1503042,695b3b9e465c67f83b9b464c9052d386
1503045,ff3fe4e1950faf505ee4ebbbc44560fd
1503046,b292c69ff4978ee01d75448b6f74d44a
1503048,d7e224ea9a3203074fd31186927ccd7b
1503049,e60349583b41fb0152a84c43c0076da7
1503050,832b70672911162312ac53452f87627f
1503051,dcc525d5c7789e523e1a70a773f9700d
1503052,47cbc6eff7ea74f3494a5d9791f1dedf
1503054,4b6ac80c5a0f702cfbb5a1778ed4ec38
1503058,9097c7e96f39c9514b95983689d0199d
1503059,85610644976eed716b68b44bff3262c4
1503063,eeeb1d33bf4abd473acd605feb660c3e
1503065,0b0f1343390bf14566cb06ca18213453
1503068,80520d8d85f15d7eac42e461dc82a38c
1503069,f86b470fb21f71908de4b7928fa3be34
1503071,af4056ff52115d64dbf8351fb59abeba
1503074,04cb5cdc6d2ecf5e0fe404cbcb0dc760
1503077,829e3d65f619a6795ac0e24f77f8a227
1503079,9959453eea291ca225ac6bde3b243a31
1503081,b9af533b2c736079b261fa3c541ab4ff
1503086,3b8c693e3e4609f67afbe7f26f25bbd7
1503091,80bfa1b65f2220c67607ae1da3772617
1503092,46752bb1b5035c1eabe82c8b966f0b3d
1503093,565c3bdb0205e3f9766775aa79b68ee2
1503097,17260eaf85e61d276f7c85a1a52ce45f
1503098,77d893f078d8967ad1e14cd4d0cafd1f
1503099,fe04e785a94052d6d400ab78d8583105
1503101,cc2d955b5126ae54398c868f3563c896
1503103,0551e8d52144ddd231dfb542548ac676
1503104,875d811005d4834dc1ea817639d1f33b
1503105,a71d563e642c1839df36f7bbc9aad22a
1503108,2d757b4eac63b91eeab0745028e26261
1503109,d381de506870cf3d5109afa4af733d78
1503115,130b347074ab4dbdc3e13ba8745b29b0
1503116,9844e27bff620eb0e5b87bc70687be12
1503117,9d953a2597b4d1d27286b724105192a4
1503118,772eb0d958a95eff48897cbd503ee56c
1503119,a85380ed60f0492a2d77a49d89e7567f
1503121,e0aa01839331a29581d1fa85d9344ce5
1503122,8d1b4050512dc1a27a6d27310d9bee92
1503124,19e08091e5c5ca2f5d79b4a0683c72c5
1503127,c42c1c4505672e4279df51c9e6bf3d43
1503129,b799551200fc8ad8bb5bec826425a0af
1503130,c521cfb86e0658747c4ebc084b7f4b1f
1503131,766d092de156cc9c82edce8db36fac29
1503133,fd32afd14839328665ce161e786e468c
1503134,6493bbc488715f34a3c9cf772f577517
1503135,f73abc4c6140fe2257302ebc48f23e40
1503137,133cabb4099908f2b274dced9a1353dd
1503140,714c6c599477bd3fd62a5ab4e6aeb358
1503144,9a5b6e34e056bb969928617b7f5e7bbf
1503145,048cd47640568853c2cfe4c00bfcad76
1503146,183cf36c0bfd17df329fd37a0e69ed6a
1503147,ef845f5babe5e0e6497ce8cf187bbda6
1503148,a2d197a36bd47a3f45a42ddf70cc1ba6
1503150,4fd30dbc3bbff2d0df290632f218305b
1503152,cda63ab935a831c90af6e88eeb89fd14
1503153,408d809a43a2d75e384bd29088d31093
1503157,ed9b0f0ca9c15d0090d5f0332229f0fe
1503158,93d25f23d03f54f681586df5898e740b
1503160,2af1f31f56af294360c02fb09d405b1d
1503186,a6ca5830923b3f775a9288c1d97b1652
1503187,7a33e87602fcf72f344bc2ec3ba8b653
1503198,a6456e78e62241625a2c7465fd189cce
1503200,72ed9eb958ba9353285412ffb78ae094
1503201,ce1a1e0b1d0eb3e5613bffe02807b667
1503202,f5e5fbb2c597d2f1d905eb35c64c3ba7
1503203,0457282c19246443a22fe1a5142ce89b
1503206,c34926fd2700729db3f41f8770df6e6c
1503207,63fa0389ca01d95162f5922da848f7ed
1503208,417dcefbced4dd81e8be6d0976a00602
1503209,5bde9d3060106f39ab6e2c0b43feabeb
1503213,5b8f3d4b21de3b5f8a99c2eac2a10d20
1503214,725ce1e2634d93241b0720d0828fa484
1503217,1538a20475bfbea6df569e0268b7cad6
1503220,3186753655ec488b433c12ccad637e34
1503221,7a6deec32b6d9541ad333f77d964e964
1503227,ee0603f9d8b1541df216fbd29c1e3c51
1503228,7de63bf7c2aab79305fd766d60a26dab
1503229,116906a0a16689b1c99723f458094e38
1503241,974cb1b0347962f06a65536cc891c8a3
1503242,84961f794cbe669a2ba4ebf850cbe384
1503248,3d9cc2eaee2a817cf43a9ef7da2fca67
1503249,c9f5b8deeb7efa035c8b6d6572ab22a8
1503250,bcebe1401a667975d31249874951314f
1503251,ccd972ee1d58172dc90576b1ff34f18c
1503252,5b746daf4d2934f92b185ea6f23e0930
1503253,15843286e3ae8eebcbb4a81fd7db1c72
1503255,e8c59542ffb604c2b4cf83ec42c8bc2d
1503260,eb39c834608ff838899a19d3bd2ec13a
1503264,2acdd6a7d4ecb20f06404c0b6cc504ee
1503265,b4d61b9bdd7c058d6937100011b1f1f1
1503268,fc75ee45fc348b3b1f0026d12aa4c105
1503270,11362ba63e74eaf4364dfa4587c2d29e
1503271,eb4f4fb3c1e687c2969bfd11e0ad4631
1503272,004f321260e83e01178d3c36d9f48bd8
1503273,990b1701cd4d3df220ba7bf237ca25b5
1503276,9b321dacee41106ccc1f9b59ec32ab61
1503277,ace0b8ac7603084adf2868056eea42bf
1503278,a780854cdbb259aba84a31e231b46e42
1503279,93b1d708261ca60bff36f231a1bc2ce8
1503283,948815920e6615ca2d167472e3b34d28
1503285,a907075c9b1adef5744df842ac872993
1503286,bb0ceebaeee73c9f3bb3be53c2b6674b
1503287,e817947d22b423a69982274d45b7e199
1503288,d2d3b54d1688779d0e57a735bd27072d
1503291,458e90fa1aecf0274c699c6d917fdea1
1503301,458db54f802f2b6fa7222352cdaa199f
1503302,b0f51890a62c4c79e7f2360bb3a58578
1503303,fe802f227fe25905ae6ade10312b1412
1503308,b6e71d5a6780872926b9ca7ed726a0c5
1503309,eb5fe4bb379a9254d5d2b052c75f39c6
1503310,5f7e2eb98e619663f40931b6d04862c7
1503313,0d0070a0b149b58417eeaa0833daec13
1503316,5b2d33266e740c44ccf5b81622b07b0b
1503322,0c86a0036876b7664ea647c07ecfaa03
1503324,cf9ef4d4c2c54fb1cb09c0c88e41a331
1503325,4e8ed5963cea22f2e7f196dce239417b
1503327,7efb05f7acd39459369c9dd6e9e0c98d
1503329,7ec9cb2bc680e3391f5c5911571b2e1d
1503331,af4ea2710c9072794975942c3f17afdc
1503332,d2bf2bb7811e54359ca1208561249056
1503338,322a4961335e7aa78dc269668611ef0d
1503339,e06719b1d2e32c05c619ec447cf24954
1503342,495c9628025974f9b2d2547e4ba88e70
1503343,37c1da3c5a3b7709816d941023f4d58c
1503348,e97895e8c98c1102f4a4e9f9586568ff
1503351,7dc4f2d39175bf67c3646db00732d60e
1503354,14b79e78d26743d9c81e0e324ca7c93d
1503359,8f1f13e45db12bb42482f7e254e3237a
1503361,942f164cccdfdd9fa193f5fc2b30795e
1503367,4239684a31c1e997a9d74fb12e6b8cfc
1503371,aa9e9b297114bf59c761691f1a678000
1503374,2a20faeb4d69cb6692f52c1db2df79c1
1503377,afe69d2ff8081e02d28705e060465b55
1503379,53070fc47f8576805aef753cd6df9387
1503380,3fa044bd9cdaab01fee81d1c4c7ae439
1503384,2133c14b3121c4e28e65eb209d6d7233
1503387,9fb0e6d32979571e40b4328e34a84771
1503388,4565fe15cf1426cd2bb5d4d14666e61b
1503390,9b465e385799c1dc003aa35e8d26d7bf
1503392,d99a55eb26b9a17f789d5b52f32e960f
1503397,79d965137207c2fd5057155bb53640c3
1503401,6ca0076ec7fd7e9e8aaecc2e90307460
1503404,64acea73bbf9a027134cf15112cc5232
1503407,ba44f22b87e2b61b3f030a8ca07528e5
1503408,d52114fce856fcbb95d5ed1d0004c562
1503409,5ba6b7d305258f7eb1e8740407f82e23
1503412,2fc6c0400f4d37a60a1e3d58c81227e2
1503413,b53b18145346e7d3b340aefa3f2e9017
1503414,e9f9757aa8f9e42cbc973590697c3be4
1503415,fc6667eaa5b831342bab61a3272ab8a6
1503416,b07eb1b9b46b1d7a5b43261c95804826
1503417,fcea811bb6168dbe8db929c85ae30ea5
1503418,a1a7872bfd236567f8a718deed4a1cf3
1503419,efd7281d081495d9c193c9202f7fd5fc
1503420,f7fab74552d8adb09592dd8604518a36
1503421,f611be88f5aa151b21393e2537e2d8f3
1503424,e813caa7cb092451a4d987310b95f54d
1503425,da43683a0da83703d57a543f6a7b300d
1503430,ee46723391f0850bd5ce6020cf076fe7
1503432,f3f9fb52610a2e4d00a4e3446ba83a97
1503433,8f25bad825a05168d457b916b07953c5
1503435,ed773f8ac6b09d2803211e9e54778017
1503436,6b989f9d7f0c70be0ec98c7e2fd3ff4e
1503437,ce558c77ccd0e68cc34a445be772687e
1503438,70d83ee1ea30074d1cc9300c01f65caa
1503441,8980a9c9d7a2b801d2ac764393ba4624
1503442,966c4b6fdd3601692229687e6b6ca71d
1503443,855ee646ac1078472aaf7cc219bc5b69
1503445,45304a60b3d413d19e31cd60ba90fc6e
1503449,a75c1dbbb8f41d33b77de28a62a9a5fe
1503450,f4c98184535d559fe85b1232da494332
1503451,4e961975589c92747cb44677a87a49fb
1503457,f40f04efa8e4bb31b488023903c08494
1503459,2d2446f1f8e4b66619f6331e93939161
1503462,1dea7659ae6292592a8d015c1bab4bd1
1503466,9f2944d5d1ae44782d661b7b3ee2f926
1503473,30dbe95400aa86268f082220fb88b2de
1503474,e8c7120321ab7ec49140505025e33b3e
1503476,3b979738426e229edab4e14fc05ee860
1503477,2c46f6a357cee3c37df75abd42254301
1503478,1b5408b97c6bbaafe27b7a29b5cd3ad7
1503481,7f9091882d8d2c8001cdc930ad8c1d6e
1503487,0caa5a9dc92cb6617d3eb440539a9024
1503488,0d9ee8cf0196edbf84bd38bca9f1b64b
1503489,89b599c5658bb30a1ac6df37795013d4
1503491,89cb13c66cc6d0426dbbeddac32e35a1
1503496,a296ce85836a4d557eb16ae6e17944e5
1503501,7d64a4ecab223e32d254f05f8a358f1b
1503504,9319328323529cae6a69a905dec4c9a7
1503507,7f908fc88fcfdec8543fca71c7fc1b89
1503511,05e099f42746150f69bacea725357c67
1503512,2648810541eac9965d51ae3b3f8cda73
1503513,f56f174bba6406ff06f3fbeb87d5f1a4
1503515,3a31645e6e85ee272640f7196c0043ec
1503517,0db8904da21edf40105ed36b81682a72
1503521,153962e2421e9fd8ee4b90fc9ff08bee
1503526,260fa63b585f07f64b1f23e72e8d423f
1503528,3542c4083d2afa787ef84c71efce5303
1503530,dcec8eaef531330e4890e8e464170ef3
1503532,36e1e1c763cd500e82f030724a56859e
1503533,0821e7f8952d0139ad904c6dd2b79617
1503534,08a8ef675ac646a63207dca93088b539
1503536,f7d5b5e70de5d53770525e6b254761cc
1503537,ca95d63805216f3ceb7b3fa2e4dd8eac
1503541,d255ba4faaa314a3b395c77ace137e26
1503542,b2aea1771089f97e41531569e0b5f332
1503543,96f2b1f3c85720eca724e9718b033ea7
1503548,3235c6e7ea01a528f345a02ecde7069a
1503549,686cedb81814d02c62a3d735f37da080
1503551,c1e112565093b214e9f158bacbc096f2
1503555,7cb11b3b18c370b81579511cc4a1af75
1503557,81d4b81bc21c040018631ec88a4a677a
1503558,42fab880d6444931d28e58a97fe28fca
1503563,bdaa3059ff017bea1dce5072e4255ef1
1503568,46dc8ddeec8fef32ebb34bcd9c48c027
1503569,cd145d17a7f1394dcd08d3f5a53865f7
1503572,3819f4778091db3b1ba82428a317d798
1503576,1b2cbf4cce76091b73a529d493b52c9a
1503584,0fe7f0ab28aa7f99d7ac6f72399f54b4
1503586,e71fcca944aa5e434e71c1100f31a6ea
1503587,e6f7ba2f6db7b5e4fb14e6586cbd8657
1503588,eba66859f1dee46f30878ad18048705c
1503589,f7e0bb1f5a77d7ba2925f874ff410694
1503591,d3e6e9e832e65cec2b21fd061b9b26c4
1503593,f001872e969dcd0c0653a322064fb696
1503597,6cd71b8d766d6827cdf844f5c0c6007a
1503599,a5b41f03ba53bed7d8eb0a410d987be1
1503602,db6197f0ca8c4197bf2a20d446b8465e
1503612,f3b5dd5066b12442e4c68e1efe1296e7
1503613,a9c8fb760149b498a4712c78308688e8
1503618,c97d47125e3877205ca303c43d7d3088
1503619,394aed4ac4cf153f6af91246b38af3f6
1503621,d2930268cd6a2a5e248eb7c6c239168b
1503622,f49f1098f534191bbc659c2b09b94f83
1503626,92b5ef3e9528fe449e887c2322110e3a
1503628,8d4a059309cad3e1ff478d3dc0757f6d
1503630,41da72b295b894adc4a56d6dc177d338
1503632,48b8ea238a85797980103ecb42144862
1503633,b4ddba4111a4ab41c25cd966d488674d
1503636,c6dbb5ce835a9125161e48e7f321fcbd
1503637,36ed47c81b76f68ee9f26fb1210dc78c
1503640,49e88e30a84d2308f462d89dcf79b501
1503641,8f42784bd2787b01aa154ea0a78533eb
1503648,e62f3f33e6a9cef723c834d3c7d39a7a
1503653,50e0092efba41bebc0b2322a8861e018
1503654,faa8cf8564873fc3109338b304f142c6
1503655,cad6308b8aef524159ff11ff3cf5660c
1503656,a019d06dc8f415efe3e1084832022e87
1503657,72046f0de5acd782874dae8b62f2668f
1503658,809dee486681132cca121e1ab648c67e
1503659,c902b2cb1f2202c9a64e7680640cc2b3
1503660,f5df7757c17bcaf5f97028c1304de63b
1503661,bdbe9213e3a15f81972f9cdc7bf5cb47
1503664,0ebd290254e22eb872dd682745d4c41c
1503665,159006cf21d6fef3565919084e0100e1
1503667,98c99b1cfff9454ae3a61802ad99305c
1503668,a4da156d8149409a71ad653eeb859818
1503669,77a41413fd2481df6aa8b315ff6298c6
1503670,7194b6bfde663474faa17c4a30bdc7a8
1503673,40418de994f5143098cfedf6ddadfae1
1503674,0921af0619ee9c00039e164250451606
1503676,690a926d1eccfa68d624abf25f42ca8b
1503677,8586b16a1246d0e2301d027329146191
1503683,a3847cf2c31c58e7ad32bff79cce518d
1503686,d9e36ec6d3ca1abd857b6f00a873b333
1503687,edb59d70d18612d1758028cbba70f7c8
1503689,4c9b5f99f354e0f711b8a65f2fb329ad
1503691,b5a3079001ab4a8a2049ce4fc4d907d8
1503692,5c0b56cd9b0c4f7d71fe5feabcbac809
1503694,f2896d38fa3a6e248795d16bd5eafeba
1503695,b2c6c322c697229ada2fb0b18adef06f
1503700,190919a5b4ba524b3c98e00552b9f7dd
1503701,363bb142cfbce934187978cfead56b17
1503703,bf2e23cb46c2dbd83abd3593300ab2da
1503705,e6c8bd69acdb80becba4ec7fda544ffe
1503707,b351d73432dcab8ad0e0f7214f6861ec
1503714,cb4508742633c3f7b2385ff1cc8a68c4
1503716,b150291a1f97cde1b88b514f78cf7296
1503717,27e83a9ce4f686c6d275eb820d014060
1503718,e5afc4ffb7576c8d731fcfc2b899db24
1503719,1c89f36f7b7a8d39cd10e83e33ef355d
1503721,3ca05901a48eea8e0351e49d1f9b8865
1503724,23e4f25ee1b72ea8130c26aaf772aef7
1503728,72353cb777ab202ace75d60c4a907bda
1503730,98c8159400155aff7a04ab885836ccf1
1503735,8b0442c87a14ba53215f7c514db01a82
1503736,ff7df2f0c7d0efacf8da4754b913a5c8
1503738,0ef74905822f5bb72834a22085493c1c
1503742,59fe5c8eb1a56d72f7ea3a8005ed2aca
1503747,a6335e71635422b69684d0010e1fe303
1503753,24d269b91fa6263dd3d50ce3da604e06
1503756,ce542f1a00fcbf9ff1fb78d711119f80
1503757,42099b3890c71a3059733be17d123ef9
1503758,9c83ce896190278d289bac9b92e14bc1
1503759,bad9a93838e83508031782cbd42df92a
1503761,dc8af72d6fad239526b775e0c50a07e3
1503767,65983d93ee2396c1141e7b3a6438211d
1503769,59921fe5e6f7bdba9ed9e627fed057f0
1503770,e2df42fbab1ca85a565041a66752aa7e
1503771,4ff345a9eda6cdbcd7f68e52090803bb
1503772,3e74a483689c123abec7997c8b23234d
1503773,e27652f9199458b6d57a12b15d91f43e
1503775,c575a025f85e5c41fb87f15dbae71ace
1503777,c0dd237bb45c3597f3b8c184fa2f761a
1503785,89b8c41451372ec11fb805880b22ea38
1503788,b5935f885bdf47e4c02ac97bb9a84f21
1503792,43b2ea0beac5b53e0844bf0e61388436
1503793,0a157403742cbca0d6245275d2c0f89e
1503797,a13c186567b257db8cf9981153c2ad62
1503798,925769d59a8b5aef4a857dd48b2fb9d1
1503799,b840e4146f6555626e7cb590e9316446
1503800,58927d931b8e5d9c7ef7c257e71582ed
1503803,efb73cdd6c0e74b6f770db48fc698e2b
1503804,102b610cdbd5a254378a07e199d49d2c
1503807,774645550f78615f9f968b011fa6d43f
1503808,16138f930ada0a0522c93138203ab059
1503809,680815a82addab65cd7cbdeb68e28fe7
1503811,77814402b8e8f04bc1db201ba6bc0b4d
1503813,dab5ab96d8aa549a07f6b3cb261bcc10
1503816,5018bb41f6c42e35e2211a3f00e59cb8
1503821,1cff5e605a9c736c890ac7e6de84f05b
1503824,ce1360afe7d42e71ae94d8cb1512fabb
1503825,341989600bc656ec7879051c795b7d8a
1503826,3e8fd77ada311e48416a8a69b89f2020
1503827,a7b2e8955e1afb2c8a3a3462a612738e
1503830,af12d118c19603e5c4f80a6b4abbd4d6
1503835,7e462e3d4d0a76209965ab79168e3724
1503836,ba96782a46f0a682d4c5c9fe43af0eeb
1503837,b48d44ea1b3cd4acf82ec4886a0e2b09
1503838,cdbc19d0ec7bdb8c25c53567deaef993
1503841,9898b9961c688ff7809a73027d32f81c
1503845,39965dc42f74bcc33770724aee40ca79
1503846,e92c6c72ae6b8deb5e1a94dfca3d365b
1503849,dd9ba4077df50b3ad8739cb3a68fc870
1503850,2795dce4142978a5895bfcb5dd901d62
1503853,422dce854d65527ef1ed1d3cdd2d804a
1503854,7a9cb982a9491c7bf4df4bf949745a4f
1503856,2a4f02a0a4d1ebebb35fb168a0dbccab
1503857,4357f9e367807df670029e0f67ffc268
1503861,2d4abf7e081d2cb5a446cc8d3dc9aae1
1503863,1e102e334fa53ddbe6977c1ba51779d7
1503865,00ff0d88ce23ce22c9e8622245f3f6f9
1503866,8170a7683854a7679718d3a565f7a8a7
1503869,43c56bc684c67dce34048d1c975b90cc
1503873,ca3a7d13ccae6113f1043863710d6c2a
1503878,0d0146202293e2093f752c6ef238d56d
1503879,ae1753f864413492c6b4aaa56357e716
1503880,f4a8ae7b5afe4b6af7e3a192a752b11f
1503881,cda9b5fcbfee3bd40190d78261a0cea9
1503883,b113d57c42a628416913e0cea80f44c1
1503888,ccc7daf14ac3ee66fd8e95fa2b080359
1503891,6c6d7b6ae0d0b83c079999aedad8d574
1503898,7ed2f86b77dabb9108c2c67464743d08
1503899,5025d1dd6be15e6072bc8ebf8b704b82
1503900,de4a3104bc5b243181578212a30777c5
1503902,2028e1913b02da5766eeca62221af4f5
1503906,094bd1c47d8a84d0b4703029501edf64
1503907,3a4f8454f8791f97c5af9486706f3eb5
1503909,d8e5e394cffae903643d80e091d23e4e
1503912,72f15f176d910e0a794851602d778ae1
1503914,9edcd37c34f4bc1f86a171f1348da814
1503915,8577794a7f43937c7076a137a7f4ca17
1503918,2ebe597315d281c151f677676c4852f8
1503920,02ae68950bee4be0cc9594a61efcf32a
1503921,0539020134d2805ab2df44a5244406bc
1503923,0194b457038ac33f4566a9f7e723fae1
1503925,3d55c25fd69da36bbb913184c07244db
1503926,a267e6a7eab228dd0ea3b6be48182e75
1503928,919fa5904a1b5b39759465e1f8c8ba01
1503930,63c0eeabd3794cda353ae4675f32cf47
1503931,eaee7e3b7dae5ac96e23291a146de124
1503934,73303877320067c0249e27e9f9f3d472
1503940,9c4fd8f6e65f5223e3bfaad440d13c72
1503941,d5795065982824eb5083fd1b20861c4d
1503942,25f5de885f1f2450cd2186538d7d06d8
1503945,097c5f6c13343c00d896840b65357619
1503946,4c2ba43a71129af12a27302dd1e118d6
1503950,95d0394f612cf3ad992fe7850b9c7454
1503959,9bf0e25d252b1e1eda5e616bafb692ce
1503962,904169873819f8c3aa5c03103a4e4586
1503966,d289adb3479a04a1353ef0d8b033adc4
1503967,56526bb5f4475011e4d3a9d273d702f7
1503968,77b0f7d2d24f796572382b7b341340f1
1503971,8f03db2d70de0e5c735bdb4265c29327
1503972,c930b7877742bc4b65d54ee05cb3c968
1503973,d7b4008fa5c02613cd35172918fc40bd
1503975,b68a8ceac10b4bca45a9861822ad2439
1503976,20c8029da9f9496244d8e6a323cb6b6d
1503977,d78dd8e5d920a75f8291912facd9e277
1503980,6178bdaf1e9c6f1a84f78087db5ed1fc
1503981,dcfc2a20cae1d98008e024029f30e96d
1503982,781e565643f2aeb65afcf802f1849a5c
1503985,36a164e14a724789d2765e71d7346566
1503990,4d95f9be278714f51a0bdc90fc129954
1503992,406642df9cd4b33d6d5aeeaa82405e48
1503993,d1cb989c021f5ea517f6b5903e3fa995
1503995,6deb9c9030c8132b3cff5202b25aab50
1504000,38167db8a2a113b2758d11c0784cf44f
1504001,a3095a81aab4de242a10fd6c8aef8b58
1504004,b63135a5b8868f63b47fce7c949311de
1504005,9245c0750413c209a261bcb01cb85ef5
1504007,3688346e0bbcf43c6b2d40d72abb8965
1504010,90b21c2a1c9615d0971f0e91cff48ab3
1504013,1e19af94dfa774595a3318ed7bec1c4c
1504016,84efc2e12636441107ce5b2d5787cfa9
1504017,db82674244cb10dccab7fa3a215d1ae5
1504019,59c762075beebb4e48fb59e7f48a2410
1504020,3b9177ca43a3378e6229fb2f301d6bf1
1504021,c6e2016a4eccdc20fc0e6867d8d9a4cd
1504023,f120d015eae20b280a0ff68d5149dfcd
1504027,28b127bfd9a895b6c06e38457c81718e
1504034,d649f63909840a7fee7c660bbb76f512
1504040,1f31ffe9e34bb80d7e7f1e16797c3f17
1504041,20f04dfd14b40dcea9701e6aa5701b00
1504042,9ec1c4fc20cef7020275bff84fc86777
1504047,dda494129f91673d33989cd98e4949db
1504053,fda6508688d3543c884e65fb17c5d4ae
1504056,7d1588d2ce301414a735cd8285f18351
1504169,0100149267bac8dfd7f4e06a4522f04e
1504173,6c18f3ba5a04297616189dc36e0a59ca
1504176,70f593fc2329e478389af50ae2709f22
1504182,cb2ee8ce7202eaa72954deefbdea6e9c
1504191,7be5480116955fcbda8613f09ba726f4
1504192,32a9f24cca6e519a0c9b13667ca24da1
1504193,08da749f6a6682cba5e7bb204d6c63ac
1504198,f96df5be5fa50b347a89e4e362b20d5f
1504200,a12bafa2561f6176a8008052362eac02
1504201,63764644192ae1c539d37cbb02abe995
1504205,475a51b5a18f92428710a38cfb983656
1504226,89e0e2bfd5f7b4a1f3d6f1a78e46c46d
1504232,f100e9ac7fe78f85da7ba234222ec4bd
1504237,fd71d8c4b60fd49628b5864e302de827
1504238,9702e24677979744434642e7db5a74d7
1504248,db38c2758a52ecea09b5c00ebe037fb1
1504251,8927a4d836261de622327df7b3b8e182
1504252,6432879f2d52870f9b9259323de23068
1504266,eb2a25bb1aa5870fdf10ab123f1a3e75
1504267,4d1f4ed462ff79624bc62c7c2d4f1a69
1504285,72eaae27fb1cdfcab2511692aea9cc26
1504288,f3ba0da85f30eb9bb38e3335d39d96bf
1504289,0afcff10bee45bda8b72cb524196f52b
1504291,dd1d522c04e7ad1a9017c1a2b0fdf4c0
1504298,952dd36a78da6f12b5d8e9d5a9933706
1504314,27ca645ca5f7f032e8b02f6ad5f85d8b
1504316,0ae825f52de5265ee13322087b714658
1504317,90798d3b76aff022deecceb7dc8ef69b
1504319,088f88fea9fddd62907887344867fda6
1504323,87ad30608c1143d0ff076901c209c9f8
1504324,650e5b844cb9c9ec5443589ed8cafe20
1504326,0bcac99aaca3a951a1b33833744d162e
1504327,b8493ee65d21505186e4880351cd8649
1504330,1c0803f78faa89dd223498a9c6b1efc6
1504331,3ebd573bbc97425109e834faec65331f
1504332,0e8666283ebe2a8c807452cb4b718cd8
1504333,bbaf0c8ff3238a1aa22c22ceb797ef53
1504334,73a6988cfdf6d5963a1a8cec9b92f857
1504335,85bc20698e13ad7b59bd953df7467fce
1504336,1891f56fe00e46044c08eb9d627276f7
1504341,19acfef82eb2f0d5bd5654c2f9f9ee12
1504342,ef36334bbb438f911b735d0d42f3d780
1504343,8c68275c640129772d95db6e57c3f2fc
1504345,73074aa5ef3e34a13510d0673bd3bb3c
1504350,8e133856b7d590b4fec0dcf0037fc0c7
1504362,0434c104917d7fd22c0c40444f24bb51
1504365,6e81d98bd314aa756a389fdb1c637ad7
1504864,6d58b00ca6075710b337ae6fda384398
1504875,5ad734afeaa07d37edc125bc09292843
1505048,9f8e076696e29d9956f602496d70a2bc
1505304,747a3b7a3210df8f9274e3c440165d05
1505326,4309052b3520d217ee1e4cda78b27dea
1505328,4588e7d0f2fa9e18a09bfd1cb0bfeae5
1505332,c9b9941ee3e1deb4b1da7dce9290f126
1505333,254b3f0b964b293fc5bfadafe015bc96
1505335,d014d079115b60d3b1be905d8311c1e7
1505336,b1657655eb19eb37c057332e3ef28160
1505345,aae0e986a039146165753314cba819c1
1505352,748eb1ce05873a6a4283f27c5e8ca326
1505354,454a06d2dba5d1dc97e84609f34a85ab
1505369,8de916336aef70d35590b42456c06eb8
1505402,c6eb562be53dd65817f4c9ae98e2a5b2
1505404,79ca8017eb81857731f79b4f41a92203
1505410,b91df04f2218f9b10ac4645a25879273
1505412,99e4eb8d74ac8414ece0ea0bce911445
1505415,12f45f5168d463e58924d07bb70e33bc
1505421,346fdb1275f3a0bc40cceccc8db2cc31
1505437,baa418443f81cdce9db76b390fdc44dc
1505439,e8eff3b980055582400b3be774d56de5
1505447,e4225b61bd600aed35bc6dfc2bbaf298
1505461,cc9b254341813dce550bb655c40571b8
1505464,9fbb5f6d81c012684f84f785c0166057
1505465,5ed8aedb6e0d363956bc0759e197af65
1505466,86d74eb9df30e2288570186279432ba2
1505468,f5b302b5e0edb86ae1032513eb1db4e2
1505482,2019d0329726226efe52c42cd3c0bd14
1505485,958b1944cf4ae18350a210a2a69cca59
1505504,862f3daeeff419adb4563c8bf225658b
1505505,78ae40060219a50ffb8d52e6585c6d4f
1505506,8f7a14112007828981788997b937e5c4
1505508,9afd4f84b274d2c8b8374398053a0596
1505515,e627815b45b2a496657a3ee0317b4700
1505519,948fef38c8fd5737bf8e0d58e6447e3e
1505520,98abba0efb9ac86c219aa67e52713d31
1505521,39d8631c10a8c4aa8f8b276daea9191c
1505523,be0743b1d91dd50596dcda74fa3b753d
1505529,0188b6e3796d9735a4282d1d4f134316
1505531,b0000cdb49b2b1d413d34c15ce9d26f3
1505533,98293c221b7a797dcf6d4ae7541419b7
1505541,537791056ad7720594b358d05971abff
1505544,8bd0fafdc099e2128234bab16fa6d2cb
1505545,d6a3a7f77b856d7af4acdd21cc2d5a2f
1505546,6fce0696d2370ad3b57733223521e59e
1505547,7a709400b7118e4a7457f9197c0b6e79
1505548,9c16518b4c1a1df8a4befd148a4eba62
1505552,d3f6f2fe54cd182f8b8bef393fc8a750
1505558,0274fa7a5595c7f27dea770827ddec8a
1505559,48049824c26f6f0a4e233785c135cbab
1505561,c95ada9d7586a56d57b73c1668fecf67
1505562,f19324ddf63d7bb4611f351643815ac3
1505577,6b6799e336fdbb5e39a7592b9fb68d1d
1505583,831db87ccfe6de318c5d8d75927dac62
1505584,f91643f8ac619e92e93c101126d2c4d6
1505597,20cdae10546f080c39d8821ff4f7f9c4
1505598,bdbe49898d6b9e7c77f503b100a94d1c
1505603,f7df9ccd5081472e5824a08d4f2d1c5c
1505604,7da10046547823db956e77499866fa31
1505607,0cc0dc799023878c8b37748ab0a4f31c
1505608,1724a7eb163270bdf01207dd8686b145
1505609,bd33e845b774cd6fdaa468da05a1880c
1505610,1545f6747dc6fe855afcab6909d0ef06
1505612,528cf8e716aa04fa8fab44d05d42a9c0
1505616,5d8890dc26e82f099a69a82e9a987967
1505617,2b5d8f5a3094a79559d747b158f0804a
1505632,b77365b022ff73ec6b646cfa9cbc4a12
1505637,c809dca77b820ac79dfc90ce9ce72805
1505651,732d0af1bd052244be48a3d056faa5dd
1505653,6eabed5d70501b04bd9efa0bc6a5d694
1505655,42e7fbb5c08654057aaa9fba30d6629e
1505658,ee570ee2d60e59647e9c7ef807a4bc84
1505671,c40a2b1c2117ffedd4383f95806ceda4
1505677,f54fd3f9ee5eddffc709edc912b00807
1505678,03cddeb132e03f3f9666a197d0c28955
1505680,d562f8b16a7913b316228bd1054a677b
1505684,a8978410f15e651c7f436e628f28cde9
1505685,e66c1ce167e73b419883aafa875b0e24
1505686,4a0cbbf37dedf182a93f60a00138e968
1505688,e0b6a84a604d4504d0b547d87381dc79
1505690,e12e2dc59945cbbc7f98309901c3998c
1505693,0ea28ada039dd04e4d88a8602c02bee7
1505694,402417e8cfe713eca25ee66e078b9adc
1505696,5c184da31029b5115f3506c095853d82
1505698,a3cb102c93b7f1e3623bef306fdf7f89
1505701,1106ad78bef4e9f3959a72567c1b99f3
1505706,ebf34744ee9b29c9adec5dcc1ffaa865
1505707,fe09d6a4477898125b71d9865ecebffd
1505708,6d0b011b53ef36317a879200c9682e1b
1505713,f8a887354acdbac6dc8aa0908f36a659
1505722,d859baa9e8884bae52eb29f419ef0adc
1505724,7cd375c18fc80d16071254e15d3c3f83
1505731,22a926f423e40d27cc6f58c85309784d
1505735,f9c40b9b0bd34bdaf62a0fd3d0a242f2
1505736,d33c9cf3b0cd2056548d11c340691ed1
1505740,b77d5dacd1cceaea44e590a0ab356106
1505741,0ce376bb2799e64cd0d3c5d778758455
1505744,75cb488be123b615899173a124006758
1505745,e4bbb75b5bbfcaab787179579df61989
1505746,fdeff74f7136d8ab6cf851533b6b8574
1505749,7839565933f85d32d21d0305c542ed10
1505752,416b6733f35aa5a2a3854c3883801b5e
1505757,8676f15e4f09ce0b34c711c501adae11
1505762,9857adad24dfa6cde64143e609dfa7aa
1505769,dcb8a4c92aeb160e52f3b8a7896b1994
1505771,c8adfd3dd7440879ca3b96f928a37068
1505772,de7b29edba5de3b9fd8b8895991959fa
1505776,821da915f3a9ac8372b5f93ff81b4620
1505777,47cafe0aee52267fc354b3843b900020
1505778,257df0a3938576722ca91bb89e2c8cdd
1505779,700ee7d642ed5714ba559b26b378dfb5
1505785,3471a60489bb157557f1468b7b8855ce
1505786,ec23be2fbb946833612a4fbba3240a3d
1505787,3fd81e950d5437b3a0789960d1a1bb83
1505792,4348d0cc3777402b03871a4e796fae9b
1505800,cc2722c49e6c30c4972dc3ef41bf7881
1505802,a4e87dc3ec9e2f2b52932fb1b664b47a
1505803,c1bc86ef7efb1e1d4121fef218b3f785
1505804,166eda40ce53d4579e6f2c21aa4b47d6
1505805,5c4d7b5b5dcc3274a9e98333c2989ddc
1505819,7c23e1beb4ff114d13fdcc876475a55f
1505820,ebddc9d2abcf0085fcef206c5a7bc3b1
1505826,b48d10b64779b2f8626f829c0bebf993
1505834,ebeb74c3153b83f349bd16999e57ac82
1505838,97580b645aca2a4ed2e57e6670046c41
1505843,5b36c09090381bbef2df00119f3400c4
1505846,571421537dcd71f4da90175cd3258e79
1505859,620158d92ba96c054390c3b7155906d4
1505868,8687e3a393eed1d1dd7986fcddaca9a1
1505869,cc3f7064b3d32ff49e691d0b262d3a26
1505879,a6b30e24835c42aa48f0f8a38982771f
1505881,a910ecd58b921d130dfdc3d67b742f87
1505887,31bbca5e95f70e88d7393cd5ff2a6a04
1505888,d7540453df331efdb23efabeb07744b9
1505890,5bf3a95e84e81c3c99ec28b8ad7328c1
1505894,5d13bf8cf26eefb009663cbba7da41f0
1505895,fcc636af2c3c8a82e189555211601b45
1505896,0fec6b6b686841ff58c777fc3af3eb9c
1505897,543e5b24550442aabb9b216b24249747
1505900,e646adb1e93b72ee3fd3be5d78e07114
1505905,9aeabbb130638887ff0b1b4e198ad0ce
1505907,5be5c99bcc56ac23c4dfd8c364b89780
1505913,bb14fd7f21b2d0eb38d9cde61a642274
1505917,09dd3c36d1f09a6f0cc6e9290c574a81
1505920,a158dbba266e2617d5960dcf6e284a5f
1505923,e45b0a333b51789651d65ffccef029d9
1505929,38aea22a6a069702091549e0d885b5ee
1505930,0a859b17d7d5b1cb65bf134feee060bf
1505935,3d0a7df7d6d73a1ce277392851fe7ebc
1505936,73b48914fc7d0cc53e86b75c275ae7e7
1505937,f1b8a5d9a5c9fa9617c0060549cdaf43
1505938,2d274d1b9121b41e4d0d5cd65e4a6aef
1505940,cfd9c84bc218613dff32a5b744f3508e
1505943,071cf1add87214283df3a74c4a9bfa18
1505944,16b58810d91b5b614e848e3c3bd388c6
1505948,20e6f09609c5dc9436f2bfa0738b9059
1505952,a0da043c52e80a8162e147ac79760b5d
1505953,603ca6020aec80414d4d4c1c1df9a8b0
1505954,5b5735ed0b96d71273c182b00e500997
1505957,c12f3ac77fb4203a5d3cc9ec55e7ff31
1505959,95c93775807794f9a3be8da8f9e44e0f
1505960,85758c461a046e7ab3159454527494ae
1505965,46bc1d6a4418231097721895aebc166b
1505967,f83105bc6d51a3c11f2060af8be9a4ff
1505969,a28617b2bdb1c72a416a67c32bd9b372
1505974,12d2ced0c393f623c2d95dc2957b91a9
1505980,76a68b6db22c9a2a0bf2f4216de7fa8d
1505981,b98b4717b2acc872906de60821fc8265
1505983,26c76bc0732a12c28de1fe5a633efc0f
1505985,1151f9680df9046948a158c08164eeb5
1505989,6134b377ed07e7fd27ca3acf56f5ba67
1505990,d2bdfc18dc3f99b25698b169b6e638ab
1505991,95e0110217d055f216687f2398356e35
1505993,32267092ec4e2d9eabacc7d9db478ff8
1505994,b24dc0de1739917a3a85fc1790f6cc08
1505995,a6e00c1dd2e4d2e72970f8af94de0bad
1505996,719d2c92439dd348843876c9c39fb0ef
1505997,ec5fd9d2d3a341c0e42360dafd5cbb22
1506002,4f272814c558ef21f461a366300fabb7
1506005,78651f2925be755c83d99b658eb673b5
1506013,b331d251b4f4dc3397e6ffc17fe26324
1506021,74ef58a8f32f192c2ceef8d74286fa79
1506038,49a4767bd3b3bec08b7cd263491ee848
1506039,958ca59843361ed14fbbe559b39587fb
1506040,95eec7f844ebdef22ede72b7887d07be
1506041,b23b30433b10496ea58bac19cc3779cb
1506042,7422f637c7ca18b070c67dab578ebab8
1506059,e3ee5d299c475c6ce53a33a113b34e50
1506060,68a2cdc49b217c15ef4738bb27e9dd93
1506062,948c6a9d97817d6dbb8ae867aef7ab35
1506076,1206555d3441441d299cca5ea731d96d
1506079,82d0605942b50af38b4d0778a09f37fe
1506080,c1d9b9ac04b89d2cb7aee68fcd396e0a
1506082,68faabc855a3b9bb9da7f10f6e30fadf
1506083,f6ca987b55a8fcc64cf9536068601aad
1506084,10d651d2ee7ebd3712a51b0ec3b390da
1506085,e1a5855383c8256e03c3d8d3b2492d4b
1506087,aac5cbbe515510ae585efc77f012c5e3
1506088,24aa3bf1246c5eb1432b1863b6d924e7
1506089,b05224265a8c3f1ee9b0777a1b9cc021
1506090,236edde3acbe21a29375d03c51adc2fe
1506091,f5c3a2a0e4394707479702f782f75add
1506092,1a8d83b1fb18343dcb6e7a23a819d51c
1506094,fcebf00eaa766694c8b01776f2001c3d
1506095,71b8b2bde93337c93b0ada260eac2ccc
1506099,03e5c250ddd91007e0917e89ea9fc53d
1506100,16bb28b5e12ee8574617bfe39c1b91c7
1506111,0301acc0d638c7bacdc84e4ea1e7140c
1506115,0a5a95462b18a99f54bb5706c289d5f2
1506121,45b841a61c72dd996c5730a595ab3ea9
1506122,532b57bf209be634cc5b76ac2594c17c
1506126,b3e27ec698ce9d1ab06a18e241067209
1506127,04cb78ca5414e8b205e7ad9f1e945e2b
1506129,31a3e00876e2cc8ee9c4bd56ad401979
1506131,cfedda9b7b4c445757de410ddec09724
1506134,b1d40e0ccaea52eca56ebec070f80102
1506136,7ad4a7c3733f41d5b6e82dfa3f9661bb
1506137,5701c8e62b250ac44f2d9ea37e7bea59
1506139,8714d83bc8271e62660d4910fa653971
1506147,970f0ddc219225045f8268425eba1acb
1506151,f462ed640e8de53dfc55474dddc2db28
1506154,25c7ece72060f62987d492a0bf86de02
1506156,69d9c023c27244dfe1acd13fac184dc8
1506159,7498ddaef0c90be466951a2df1c94af4
1506160,ccb551f56cc6725c784348e4e9d43616
1506161,c12f43d6135e83408d504efc72ceb77c
1506164,dbbcad854e116083c2bce96663da210d
1506169,ac4adf81dc09a9d172ff381f60785b6b
1506170,2683402b19abac5f7e2b549be54783c0
1506171,64e74730b2c3a4e15c5eefcbe3de9504
1506172,ef15f8682de565146b0707ac54548792
1506173,74673fb9fa870150cf4c51b09da725c4
1506174,3d6deb972f4a6f8cb9c6d04ac044d391
1506176,a9818df75f10b69020605eb5adf444cb
1506177,688c8a1ced236a25d7cc00157bf29fa0
1506179,b62563e10b67d6ee31e02bfa1232f39c
1506189,4a41cf94cb4d7800eb3e216a94c4e77d
1506190,b770024439fd7cb0074f61f67e693ff1
1506192,ac9a702a6b3ece658c529028ed57dc3e
1506194,90593aed07ea37f59ce4923cee74fc51
1506195,80f61253c70fbdc2b0d8257b894cd321
1506198,edb25e718140654c318659548f1d1a2d
1506200,e8087d01f2f6f7feb15625b1bd96ab98
1506201,bb2c81c04133b839ae1d85d33743b02d
1506202,bed81d8406648241eb80be5195c76d0a
1506203,15eac44ccd55b1a606c967a24de63715
1506204,b1e44110fc7dbf0e1adae4c8d73cb9d8
1506205,58ce0425a24228ca3aed3e21c63b0516
1506209,52facbbf9dc6c0dd9b19983728e195ef
1506217,f9daac9ffe3d42e124d8d138d02711c2
1506219,c147f1f2f9cc0b891f270c90c70c8089
1506220,f9f0d6ed13a889fbe7f5bdadd348eebf
1506222,bb935f967e4cc3c3b0c676419bcd63d8
1506231,2c501cd3925a6ee300ee4efee4527d92
1506232,c7a6f6df632f725db13765962f2c7ed0
1506234,d136d5f92f2d7ef1a391e04d9be2017c
1506236,4401a060de3ae73a4321210beccce793
1506237,271f28e4e0b92c195a6f5dfdeef8abda
1506240,89ad6bd8c78238b14b6ef49e3870e88c
1506242,ac74c9bc4ca778a11dbc1bb19f3a8b7d
1506243,0191e5084e526c3141823db3fefbe9a3
1506244,6f9884ca203e78d1a41d01d3ba2fecea
1506245,72d50d9daa1c1db6151c77ac94ddd348
1506246,a3026371b383675abd568efc849ec5f6
1506248,05a7c7f7d8f1d49173ba8da0b2ba6176
1506250,56d4b449c5f82aa25030dcada35b544c
1506254,e20b4fdac9db3749d6ff3c851e11a7fc
1506255,77ba090f109f42814113fe1c756e5b13
1506260,1d992c7dfc42a8bf2ee10abcdd6c473b
1506261,cf3b7a3f03920c794264a3e941462ea5
1506262,85c7d0ec25a7e827b76a13be8380a21d
1506276,96489b5489f5b3797aca6cd4a503b320
1506277,1cc724504873905a43b4bc2cf7ff470a
1506278,beafa6010c9d7629547205cbcc9e4ae2
1506279,b44981fe4847ee5ec70cda4234cfeff1
1506284,3bef6c6105b9ab5baad8c4d06bfa0179
1506285,1078bafb18284603a08fa75f7136fced
1506286,14586a481ae4fb0dd0dd95392da00516
1506287,2762289745236bf9f335602296ec221b
1506291,b4ffb42f107a9ce3ed0655e1a33e4e54
1506293,98df6347a62d1c87ac4b27162891e490
1506294,2f06f4c4535495a75de79781e77ed150
1506295,f257a922c95f9800b399a9eb35ed1013
1506300,9e8acfdd806140f6c5dca534dbb6b048
1506304,306f239dcea800739ebcb3c6a978098a
1506307,565f9b4b4f58c87ebce80f3af394e45a
1506310,c2e443f9d8fabc9d067778fef6784065
1506314,4c49889a25294fdc6454d3de6f74dc83
1506315,6c02b2a203e1bd22bf785cf84fe85af3
1506318,43d0006a45a36e493893aeeb613f3d45
1506319,3623aa5c084cd35956098683b664c307
1506326,d27d1b4d96540cc1f8f8205d2d048b6d
1506336,0ec80c1d5728066845adb0a2bd254697
1506337,1520b3c53bfda66fdc7f75f7cd9d0a1f
1506339,40ec3880807b3c17290f22a856f7ad4e
1506340,3e91a298797efe566f43b5ec83b2ba4b
1506341,ed591a0d345af0a5585a2256bbfec0b8
1506342,8a4ac50793c67c695e62a8cccc1eb3b7
1506344,86574fac01594e5a424ad6fe68e2c5ad
1506345,dad32eb8d5408ae54effb5a803a2230c
1506347,dbe77d9e223d093af1d77919c1b0dfca
1506348,251352c900bb82bfe21663178e63595e
1506355,abce5b4d8cebe5c052f5c4175b2e6877
1506360,77599c3d13015b374bbef8446da92c3f
1506361,9b9fc98387e7d4b830f1d077b7ea7067
1506363,07ec4cd25c05ea17b796f961e4d0d347
1506370,4760a2ea33b79acd9351f431cd97cbfc
1506371,a8b13fe81cdff3e94d86f098c5c49e01
1506376,0dd8c8e86669d72f16aecd67e2664b47
1506381,1f6bb1dfc4f7834f98e1228f6afa00b1
1506386,55219403d95d0da4bfd6432e8bfe2040
1506389,d93e9098a7db9399f1041dec5b3641e0
1506391,c09724eccf884b37fc1eb49d311bd5a5
1506393,41f32d454b18c7f9b2b471b96bea7f83
1506394,0a34a547a26a806cf7c5c22963519619
1506396,480c804c39cecee7bf48baa4e0ff4681
1506398,ea454bfa6c413c1c5b993138fec0b33f
1506399,482b3e6be79908cf3231440fc6b075a5
1506400,87240c960cf7c77cbee70fe6e6f04bfd
1506406,429e8c8226b95039bfa5e6517b5452e5
1506409,7cd1462c754b59e80ee441455c82d845
1506410,b592c14e60a9d467ddedf866abb7a0d3
1506413,953d2b83b8dafe97d572e5d41e273e44
1506414,2a61f83982ecc1bd0ddd6fc9536eb8b5
1506415,edc042d8cf3a4a08e7fd9a8a9deb6d27
1506417,e12ebf1c9adadc4514921290ed2ef38b
1506418,6a3ba807706afa3dea6c8a488c4bd53a
1506422,10b3fefeae8cf165e74352a5cf2c52f2
1506428,24a5ee79b227e0e48a222d136621c114
1506431,ca6d4ddf96b7647f10ba7308ffdf29eb
1506433,d0e4fa498ffc365e54d7ff7260c1d4a1
1506436,ec8fe371d45425579388fef4c876f4e8
1506438,a0d7d42e3b52be4eafff7be39425a0cd
1506440,223e236f9762080ac5803a1227b382ac
1506441,a261490b29caf4dd093a11c25dd15ac9
1506443,b1ccbdb05dfe526acc935824a22136d2
1506448,c3c0052d11a8032f536b1ab923e2ef54
1506449,c408542d4254886f64525f0b18808dc9
1506450,e9e8a803543a6781348cdb720e892f79
1506451,98fe2d55a4f872ed5c9055dbcbd78973
1506457,3127439074686cffe581581ba17ae473
1506463,5125c109b377badfa17d636e2abe95f5
1506465,21844808334d212bdacd51f8d65461e0
1506466,df9c617fece74ae7810969c30e055547
1506468,1e89c1af1e07dc6432c8c64cae173697
1506469,e071ac85a8029311589cb52ba641af4f
1506470,bacc8f2abafc5a185eaf11a3eb8f2dcc
1506479,e67a0f285c4e96e64bbd47e8a61ed19f
1506483,be68223593db32949619daf96452e501
1506485,6b7189dde61c3471d75b0189e3ffce02
1506488,409660bb4c4460167f54b0ed26f09a39
1506491,f0b80ffac7472fb56942a4f5c90d8095
1506503,b8efadbe08b22ffb8b3f08d07fc317a0
1506505,12655b4530e564531434edda99de21a4
1506506,e04622fc9cecea7ab257f2d7d365baf3
1506507,a874921736f6a0afccd68456740ee1fb
1506510,ba6515f600523e3e5e537cdeb2294369
1506517,8ebdecd471e7e99436ed2d6d37efccb6
1506521,b7b187a062c3e0819102dddd16372c44
1506529,033187e32cffe28016b56074a5470c80
1506530,99d6a916a5a92b9e6847b6db95fa4487
1506533,4da196b71794e57af761351f7796e160
1506534,222599d7208ddcc8985cc27d05a8353e
1506536,c07075f84b06fc08771f0e7561390fb8
1506537,379c314fa16177e46e9e628e1ddfc5eb
1506539,9ea6ff0366c528599004a9676481fe5d
1506546,c4ce7a445f6c2bd8750060c17648fc1f
1506548,79f0fe622536245452038d030efb62ff
1506550,b3cbc2cbc2d5d72ddaa1552336231ea9
1506552,def24fecdb9a8ab824c3f5590281af9d
1506556,4f97a47c879c03eb31b6ed8bee856b93
1506562,0c456a0a28c5bba0981ab61acea51e25
1506564,12966fef0005aabc02f2ce5cc5f86662
1506565,91de23ca1cddc76bcbd6971e8cca005b
1506566,8e26524b5112f5157a64dc0a2d2a29ff
1506576,7de3aeb4482b431afbdb4a117d4ea5b5
1506579,1ea0dcb105bc5cd48f31a9cf273e8f47
1506595,6af6942faebd500b8f141b4f0082267c
1506600,5c512d08ab140158ebda6594de82ee12
1506601,ed4e0072cac9e8c53003bfc5807b80e7
1506602,923802954d4b6033daa8ff29e1551d26
1506606,02e6fe71a4df398e77a05e4449d973a6
1506608,9160bf252afcdb4a5f381b2c55349570
1506613,a89c5b9139ae13cd2e0f07dd89275326
1506615,a907ec94211f8376bc4590e32fb11e99
1506623,5a637e9b91dac8bdd1ab90c7a35b0d52
1506625,a391324837939a35d51095589b1ab8bb
1506626,8e7afd0d05179010cabcb0d9d17b4ead
1506627,445b9db273dce2867c526b7b5adc4376
1506628,b38e2c42a310e574a1c195d474b4229b
1506640,dea323bc765ef3b2c0faad04aaf36049
1506643,b3e3a6f09be47397809f3f860475a6e4
1506648,8dd6897b0b1116f77ce245765e47a932
1506650,25386e62342543beb250964705c82622
1506652,6072663545848066a019e204e1be6600
1506653,e8a4d3f19edb181abcd5675f6104b230
1506654,075cb56a90de765019bdbff14bb57207
1506655,d3fdc045648bada45ad8a9a6d050a7ce
1506665,8d94b2a325f62f89216d7b3c52e6cb3a
1506666,9eb0598b0988f5a68eb77f8bef7ba394
1506667,ae228f0008f8e39bd198e0f99a7dc6bb
1506919,5b02cfbbaafcbed91bceef544e3d7869
5000001,ec2d4d413f80c9b45a9cc9488131ee0e
5000002,f57f63318364a5edde8caa5eee19df74
5000003,de9c258e02d8d8be82c8e443badf4300
5000004,27ac9c0bbe5d944e49a895847ae6d3e9
1100413,dbc33bf07bfeca1f290fed501ce6b381
1103100,b0b085f3199af1153ff882b58910cced 
1506560,a2c947056b52b3cc195bc07376110b30
1503373,bebe7ea3251cb5f08c5ef65f849271cb
1506692,d37b6b7d9295f23add30239021d6b22d
1506532,b6286aed925a94c68d4bca34f656b2cf
1506559,9718dc4d06b82333ecc569256e2025cd
1100907,451752b124ffef19a800038db294fac3
1503978,a99258825a0cc3f56a51e29f320aed12
1506008,8df3912525ddbcfc36f1a9a9ddbd3361
1501122,7ee71efdcd9f19757eafd7b0304d0a17
1501125,3f8652220eaad64cb52e7c0949ec5a8b
1506015,5e08abc1cd6bc8e3e8a3e88c227e3cbe
1506356,f6df00c704d9985343e0a699484bcb4d
1506167,b618b3a8458d17b2c670b3eddee807bc
1103109,5cfa1627ad9b955d37439428e7309a5a
